employee_id,cost_center,punch_in_time,punch_out_time,punch_apply_date,hours_worked,paycode
1377208,53410,,,4/23/2021,1,CHARGE
1377208,53410,4/23/2021 14:10,4/23/2021 18:45,4/23/2021,4.6,WRK
1377208,53410,,,4/23/2021,0.7,BREAK
1377208,53410,4/23/2021 19:24,4/23/2021 22:10,4/23/2021,2.8,WRK
1672200,11151,,,4/23/2021,5,ON_CALL
1672200,11151,4/23/2021 6:12,4/23/2021 9:12,4/23/2021,3,WRK
1977006,54013,,,4/23/2021,8,ABSENT
3974506,31288,,,4/23/2021,8,ABSENT
4019778,54013,4/23/2021 6:05,4/23/2021 9:44,4/23/2021,3.7,WRK
4019778,54013,,,4/23/2021,0.8,BREAK
4019778,54013,4/23/2021 10:32,4/23/2021 14:05,4/23/2021,3.5,WRK
4024378,55050,4/23/2021 14:14,4/23/2021 16:52,4/23/2021,2.6,WRK
4024378,55050,,,4/23/2021,0.9,BREAK
4024378,55050,4/23/2021 17:45,4/23/2021 22:14,4/23/2021,4.5,WRK
5001188,54013,,,4/23/2021,5,ON_CALL
5001188,54013,4/23/2021 14:19,4/23/2021 17:19,4/23/2021,3,WRK
5001252,53410,,,4/23/2021,7,ON_CALL
5001252,53410,4/23/2021 14:17,4/23/2021 15:17,4/23/2021,1,WRK
5005963,51120,,,4/23/2021,8,ABSENT
5009770,51100,,,4/23/2021,8,ABSENT
5010823,53410,,,4/23/2021,8,ABSENT
5010831,55050,,,4/23/2021,7,ON_CALL
5010831,55050,4/23/2021 14:10,4/23/2021 15:10,4/23/2021,1,WRK
5010836,55050,,,4/23/2021,6,ON_CALL
5010836,55050,4/23/2021 6:15,4/23/2021 8:15,4/23/2021,2,WRK
5011015,55050,,,4/23/2021,6,ON_CALL
5011015,55050,4/23/2021 14:08,4/23/2021 16:08,4/23/2021,2,WRK
5011018,51100,,,4/23/2021,6,ON_CALL
5011018,51100,4/23/2021 14:10,4/23/2021 16:10,4/23/2021,2,WRK
5011060,55050,,,4/23/2021,8,ABSENT
5011105,11151,,,4/23/2021,2,CHARGE
5011105,11151,4/23/2021 14:14,4/23/2021 16:45,4/23/2021,2.5,WRK
5011105,11151,,,4/23/2021,0.6,BREAK
5011105,11151,4/23/2021 17:23,4/23/2021 22:14,4/23/2021,4.8,WRK
5011401,55050,4/23/2021 6:19,4/23/2021 8:56,4/23/2021,2.6,WRK
5011401,55050,,,4/23/2021,0.7,BREAK
5011401,55050,4/23/2021 9:36,4/23/2021 14:19,4/23/2021,4.7,WRK
5011499,31288,4/23/2021 6:09,4/23/2021 8:58,4/23/2021,2.8,WRK
5011499,31288,,,4/23/2021,0.7,BREAK
5011499,31288,4/23/2021 9:42,4/23/2021 14:09,4/23/2021,4.5,WRK
5011633,53410,,,4/23/2021,6,ON_CALL
5011633,53410,4/23/2021 14:19,4/23/2021 16:19,4/23/2021,2,WRK
5012159,51120,,,4/23/2021,5,ON_CALL
5012159,51120,4/23/2021 14:09,4/23/2021 17:09,4/23/2021,3,WRK
5012163,31288,,,4/23/2021,6,ON_CALL
5012163,31288,4/23/2021 14:09,4/23/2021 16:09,4/23/2021,2,WRK
5012165,31288,,,4/23/2021,5,ON_CALL
5012165,31288,4/23/2021 14:10,4/23/2021 17:10,4/23/2021,3,WRK
5012329,18048,,,4/23/2021,6,ON_CALL
5012329,18048,4/23/2021 14:06,4/23/2021 16:06,4/23/2021,2,WRK
1672200,11151,,,4/24/2021,8,ABSENT
4019778,54013,,,4/24/2021,8,ABSENT
4024378,55050,,,4/24/2021,7,ON_CALL
4024378,55050,4/24/2021 14:11,4/24/2021 15:11,4/24/2021,1,WRK
5001188,54013,,,4/24/2021,8,ABSENT
5001252,53410,,,4/24/2021,8,ABSENT
5005963,51120,,,4/24/2021,8,ABSENT
5010823,53410,,,4/24/2021,8,ABSENT
5010831,55050,,,4/24/2021,1,CHARGE
5010831,55050,4/24/2021 14:00,4/24/2021 19:50,4/24/2021,5.8,WRK
5010831,55050,,,4/24/2021,0.8,BREAK
5010831,55050,4/24/2021 20:36,4/24/2021 22:00,4/24/2021,1.4,WRK
5010836,55050,,,4/24/2021,8,ABSENT
5011015,55050,,,4/24/2021,8,ABSENT
5011018,51100,,,4/24/2021,8,ABSENT
5011060,55050,,,4/24/2021,1,CHARGE
5011060,55050,4/24/2021 6:11,4/24/2021 9:42,4/24/2021,3.5,WRK
5011060,55050,,,4/24/2021,0.7,BREAK
5011060,55050,4/24/2021 10:26,4/24/2021 14:11,4/24/2021,3.8,WRK
5011105,11151,,,4/24/2021,8,ABSENT
5011110,31288,,,4/24/2021,8,ABSENT
5011147,51120,,,4/24/2021,5,ON_CALL
5011147,51120,4/24/2021 14:03,4/24/2021 17:03,4/24/2021,3,WRK
5011401,55050,,,4/24/2021,8,ABSENT
5011499,31288,,,4/24/2021,8,ABSENT
5011633,53410,4/24/2021 6:17,4/24/2021 8:49,4/24/2021,2.5,WRK
5011633,53410,,,4/24/2021,1,BREAK
5011633,53410,4/24/2021 9:48,4/24/2021 14:17,4/24/2021,4.5,WRK
5012159,51120,,,4/24/2021,5,ON_CALL
5012159,51120,4/24/2021 6:10,4/24/2021 9:10,4/24/2021,3,WRK
5012163,31288,,,4/24/2021,8,ABSENT
5012165,31288,4/24/2021 6:14,4/24/2021 10:49,4/24/2021,4.6,WRK
5012165,31288,,,4/24/2021,1,BREAK
5012165,31288,4/24/2021 11:49,4/24/2021 14:14,4/24/2021,2.4,WRK
5012319,31288,,,4/24/2021,8,ABSENT
5014147,11151,,,4/24/2021,2,CHARGE
5014147,11151,4/24/2021 14:07,4/24/2021 19:55,4/24/2021,5.8,WRK
5014147,11151,,,4/24/2021,0.9,BREAK
5014147,11151,4/24/2021 20:51,4/24/2021 22:07,4/24/2021,1.3,WRK
507800,51100,4/24/2021 6:02,4/24/2021 9:51,4/24/2021,3.8,WRK
507800,51100,,,4/24/2021,0.7,BREAK
507800,51100,4/24/2021 10:33,4/24/2021 14:02,4/24/2021,3.5,WRK
1377208,53410,,,4/25/2021,8,ABSENT
1672200,11151,,,4/25/2021,8,ABSENT
3974506,31288,,,4/25/2021,8,ABSENT
4019778,54013,,,4/25/2021,8,ABSENT
5001188,54013,,,4/25/2021,8,ABSENT
5001252,53410,4/25/2021 14:14,4/25/2021 17:51,4/25/2021,3.6,WRK
5001252,53410,,,4/25/2021,0.8,BREAK
5001252,53410,4/25/2021 18:40,4/25/2021 22:14,4/25/2021,3.6,WRK
5005963,51120,,,4/25/2021,8,ABSENT
5009770,51100,,,4/25/2021,8,ABSENT
5010823,53410,,,4/25/2021,7,ON_CALL
5010823,53410,4/25/2021 14:17,4/25/2021 15:17,4/25/2021,1,WRK
5010831,55050,,,4/25/2021,8,ON_CALL
5010836,55050,,,4/25/2021,8,ON_CALL
5011015,55050,,,4/25/2021,8,ABSENT
5011018,51100,,,4/25/2021,8,ABSENT
5011060,55050,,,4/25/2021,8,ABSENT
5011105,11151,,,4/25/2021,8,ABSENT
5011110,31288,,,4/25/2021,8,ABSENT
5011499,31288,,,4/25/2021,8,ABSENT
5011633,53410,,,4/25/2021,7,ON_CALL
5011633,53410,4/25/2021 6:12,4/25/2021 7:12,4/25/2021,1,WRK
5012159,51120,,,4/25/2021,8,ABSENT
5012163,31288,,,4/25/2021,8,ABSENT
5012165,31288,,,4/25/2021,8,ABSENT
5012319,31288,4/25/2021 6:17,4/25/2021 11:58,4/25/2021,5.7,WRK
5012319,31288,,,4/25/2021,0.9,BREAK
5012319,31288,4/25/2021 12:51,4/25/2021 14:17,4/25/2021,1.4,WRK
5012329,18048,,,4/25/2021,8,ABSENT
507800,51100,,,4/25/2021,2,CHARGE
507800,51100,4/25/2021 14:13,4/25/2021 18:58,4/25/2021,4.8,WRK
507800,51100,,,4/25/2021,1,BREAK
507800,51100,4/25/2021 19:56,4/25/2021 22:13,4/25/2021,2.3,WRK
1977006,54013,4/26/2021 14:05,4/26/2021 19:41,4/26/2021,5.6,WRK
1977006,54013,,,4/26/2021,0.6,BREAK
1977006,54013,4/26/2021 20:14,4/26/2021 22:05,4/26/2021,1.9,WRK
4019778,54013,,,4/26/2021,3,CHARGE
4019778,54013,4/26/2021 14:06,4/26/2021 19:41,4/26/2021,5.6,WRK
4019778,54013,,,4/26/2021,0.9,BREAK
4019778,54013,4/26/2021 20:34,4/26/2021 22:06,4/26/2021,1.5,WRK
4024378,55050,,,4/26/2021,8,ABSENT
5001188,54013,,,4/26/2021,5,ON_CALL
5001188,54013,4/26/2021 14:07,4/26/2021 17:07,4/26/2021,3,WRK
5005963,51120,,,4/26/2021,2,CHARGE
5005963,51120,4/26/2021 6:05,4/26/2021 8:50,4/26/2021,2.8,WRK
5005963,51120,,,4/26/2021,0.7,BREAK
5005963,51120,4/26/2021 9:31,4/26/2021 14:05,4/26/2021,4.6,WRK
5009770,51100,4/26/2021 6:07,4/26/2021 9:52,4/26/2021,3.8,WRK
5009770,51100,,,4/26/2021,0.6,BREAK
5009770,51100,4/26/2021 10:27,4/26/2021 14:07,4/26/2021,3.7,WRK
5010823,53410,,,4/26/2021,1,CHARGE
5010823,53410,4/26/2021 14:18,4/26/2021 20:08,4/26/2021,5.8,WRK
5010823,53410,,,4/26/2021,0.6,BREAK
5010823,53410,4/26/2021 20:45,4/26/2021 22:18,4/26/2021,1.6,WRK
5010831,55050,,,4/26/2021,7,ON_CALL
5010831,55050,4/26/2021 14:19,4/26/2021 15:19,4/26/2021,1,WRK
5010836,55050,,,4/26/2021,8,ABSENT
5011015,55050,,,4/26/2021,3,CHARGE
5011015,55050,4/26/2021 14:03,4/26/2021 19:35,4/26/2021,5.5,WRK
5011015,55050,,,4/26/2021,0.9,BREAK
5011015,55050,4/26/2021 20:27,4/26/2021 22:03,4/26/2021,1.6,WRK
5011018,51100,,,4/26/2021,8,ABSENT
5011060,55050,,,4/26/2021,8,ABSENT
5011105,11151,,,4/26/2021,8,ABSENT
5011110,31288,,,4/26/2021,5,ON_CALL
5011110,31288,4/26/2021 6:15,4/26/2021 9:15,4/26/2021,3,WRK
5011147,51120,,,4/26/2021,8,ABSENT
5011401,55050,,,4/26/2021,8,ABSENT
5011499,31288,,,4/26/2021,2,CHARGE
5011499,31288,4/26/2021 14:09,4/26/2021 18:56,4/26/2021,4.8,WRK
5011499,31288,,,4/26/2021,0.5,BREAK
5011499,31288,4/26/2021 19:28,4/26/2021 22:09,4/26/2021,2.7,WRK
5011633,53410,,,4/26/2021,8,ABSENT
5012159,51120,4/26/2021 6:16,4/26/2021 11:54,4/26/2021,5.6,WRK
5012159,51120,,,4/26/2021,0.7,BREAK
5012159,51120,4/26/2021 12:35,4/26/2021 14:16,4/26/2021,1.7,WRK
5012163,31288,,,4/26/2021,2,CHARGE
5012163,31288,4/26/2021 6:12,4/26/2021 10:58,4/26/2021,4.8,WRK
5012163,31288,,,4/26/2021,0.6,BREAK
5012163,31288,4/26/2021 11:35,4/26/2021 14:12,4/26/2021,2.6,WRK
5012165,31288,,,4/26/2021,2,CHARGE
5012165,31288,4/26/2021 6:00,4/26/2021 9:50,4/26/2021,3.8,WRK
5012165,31288,,,4/26/2021,0.9,BREAK
5012165,31288,4/26/2021 10:45,4/26/2021 14:00,4/26/2021,3.2,WRK
5012319,31288,,,4/26/2021,8,ABSENT
5014147,11151,,,4/26/2021,8,ABSENT
507800,51100,,,4/26/2021,2,CHARGE
507800,51100,4/26/2021 6:04,4/26/2021 11:42,4/26/2021,5.6,WRK
507800,51100,,,4/26/2021,0.6,BREAK
507800,51100,4/26/2021 12:20,4/26/2021 14:04,4/26/2021,1.7,WRK
1377208,53410,,,4/27/2021,8,ABSENT
1977006,54013,,,4/27/2021,8,ON_CALL
3974506,31288,4/27/2021 14:15,4/27/2021 17:59,4/27/2021,3.7,WRK
3974506,31288,,,4/27/2021,0.7,BREAK
3974506,31288,4/27/2021 18:38,4/27/2021 22:15,4/27/2021,3.6,WRK
4019778,54013,,,4/27/2021,6,ON_CALL
4019778,54013,4/27/2021 14:10,4/27/2021 16:10,4/27/2021,2,WRK
5001188,54013,,,4/27/2021,6,ON_CALL
5001188,54013,4/27/2021 14:15,4/27/2021 16:15,4/27/2021,2,WRK
5001252,53410,,,4/27/2021,8,ON_CALL
5005963,51120,,,4/27/2021,8,ABSENT
5009770,51100,,,4/27/2021,2,CHARGE
5009770,51100,4/27/2021 14:06,4/27/2021 17:42,4/27/2021,3.6,WRK
5009770,51100,,,4/27/2021,0.6,BREAK
5009770,51100,4/27/2021 18:15,4/27/2021 22:06,4/27/2021,3.9,WRK
5010823,53410,,,4/27/2021,6,ON_CALL
5010823,53410,4/27/2021 14:00,4/27/2021 16:00,4/27/2021,2,WRK
5010831,55050,,,4/27/2021,7,ON_CALL
5010831,55050,4/27/2021 14:15,4/27/2021 15:15,4/27/2021,1,WRK
5010836,55050,4/27/2021 6:19,4/27/2021 11:54,4/27/2021,5.6,WRK
5010836,55050,,,4/27/2021,1,BREAK
5010836,55050,4/27/2021 12:53,4/27/2021 14:19,4/27/2021,1.4,WRK
5011015,55050,,,4/27/2021,5,ON_CALL
5011015,55050,4/27/2021 14:12,4/27/2021 17:12,4/27/2021,3,WRK
5011018,51100,4/27/2021 14:08,4/27/2021 17:46,4/27/2021,3.6,WRK
5011018,51100,,,4/27/2021,0.8,BREAK
5011018,51100,4/27/2021 18:32,4/27/2021 22:08,4/27/2021,3.6,WRK
5011060,55050,,,4/27/2021,8,ABSENT
5011110,31288,,,4/27/2021,8,ABSENT
5011147,51120,,,4/27/2021,1,CHARGE
5011147,51120,4/27/2021 6:08,4/27/2021 11:45,4/27/2021,5.6,WRK
5011147,51120,,,4/27/2021,0.5,BREAK
5011147,51120,4/27/2021 12:17,4/27/2021 14:08,4/27/2021,1.9,WRK
5011401,55050,,,4/27/2021,8,ON_CALL
5011633,53410,,,4/27/2021,8,ABSENT
5012159,51120,,,4/27/2021,1,CHARGE
5012159,51120,4/27/2021 6:04,4/27/2021 11:47,4/27/2021,5.7,WRK
5012159,51120,,,4/27/2021,0.5,BREAK
5012159,51120,4/27/2021 12:18,4/27/2021 14:04,4/27/2021,1.8,WRK
5012165,31288,,,4/27/2021,8,ABSENT
5012319,31288,,,4/27/2021,8,ABSENT
5012329,18048,,,4/27/2021,8,ABSENT
5014147,11151,,,4/27/2021,5,ON_CALL
5014147,11151,4/27/2021 6:15,4/27/2021 9:15,4/27/2021,3,WRK
507800,51100,,,4/27/2021,1,CHARGE
507800,51100,4/27/2021 6:19,4/27/2021 10:50,4/27/2021,4.5,WRK
507800,51100,,,4/27/2021,0.8,BREAK
507800,51100,4/27/2021 11:37,4/27/2021 14:19,4/27/2021,2.7,WRK
1377208,53410,,,4/28/2021,8,ON_CALL
1977006,54013,,,4/28/2021,8,ABSENT
3974506,31288,4/28/2021 14:01,4/28/2021 16:42,4/28/2021,2.7,WRK
3974506,31288,,,4/28/2021,0.8,BREAK
3974506,31288,4/28/2021 17:29,4/28/2021 22:01,4/28/2021,4.5,WRK
4019778,54013,,,4/28/2021,8,ABSENT
4024378,55050,,,4/28/2021,6,ON_CALL
4024378,55050,4/28/2021 14:15,4/28/2021 16:15,4/28/2021,2,WRK
5001252,53410,,,4/28/2021,8,ON_CALL
5005963,51120,,,4/28/2021,8,ABSENT
5009770,51100,,,4/28/2021,8,ABSENT
5010823,53410,4/28/2021 6:10,4/28/2021 10:43,4/28/2021,4.6,WRK
5010823,53410,,,4/28/2021,1,BREAK
5010823,53410,4/28/2021 11:42,4/28/2021 14:10,4/28/2021,2.5,WRK
5010831,55050,,,4/28/2021,8,ABSENT
5011018,51100,,,4/28/2021,5,ON_CALL
5011018,51100,4/28/2021 14:06,4/28/2021 17:06,4/28/2021,3,WRK
5011060,55050,,,4/28/2021,7,ON_CALL
5011060,55050,4/28/2021 6:05,4/28/2021 7:05,4/28/2021,1,WRK
5011105,11151,4/28/2021 14:16,4/28/2021 17:51,4/28/2021,3.6,WRK
5011105,11151,,,4/28/2021,1,BREAK
5011105,11151,4/28/2021 18:50,4/28/2021 22:16,4/28/2021,3.4,WRK
5011110,31288,,,4/28/2021,8,ABSENT
5011147,51120,,,4/28/2021,6,ON_CALL
5011147,51120,4/28/2021 14:07,4/28/2021 16:07,4/28/2021,2,WRK
5011401,55050,,,4/28/2021,8,ABSENT
5011499,31288,4/28/2021 6:06,4/28/2021 11:49,4/28/2021,5.7,WRK
5011499,31288,,,4/28/2021,0.9,BREAK
5011499,31288,4/28/2021 12:43,4/28/2021 14:06,4/28/2021,1.4,WRK
5011633,53410,,,4/28/2021,2,CHARGE
5011633,53410,4/28/2021 14:13,4/28/2021 19:45,4/28/2021,5.5,WRK
5011633,53410,,,4/28/2021,0.8,BREAK
5011633,53410,4/28/2021 20:35,4/28/2021 22:13,4/28/2021,1.6,WRK
5012159,51120,,,4/28/2021,8,ON_CALL
5012163,31288,,,4/28/2021,8,ABSENT
5012165,31288,,,4/28/2021,5,ON_CALL
5012165,31288,4/28/2021 14:19,4/28/2021 17:19,4/28/2021,3,WRK
5012319,31288,,,4/28/2021,5,ON_CALL
5012319,31288,4/28/2021 6:14,4/28/2021 9:14,4/28/2021,3,WRK
5012329,18048,,,4/28/2021,6,ON_CALL
5012329,18048,4/28/2021 6:18,4/28/2021 8:18,4/28/2021,2,WRK
507800,51100,,,4/28/2021,5,ON_CALL
507800,51100,4/28/2021 6:06,4/28/2021 9:06,4/28/2021,3,WRK
1377208,53410,4/29/2021 14:09,4/29/2021 18:44,4/29/2021,4.6,WRK
1377208,53410,,,4/29/2021,0.8,BREAK
1377208,53410,4/29/2021 19:33,4/29/2021 22:09,4/29/2021,2.6,WRK
1672200,11151,4/29/2021 6:19,4/29/2021 9:50,4/29/2021,3.5,WRK
1672200,11151,,,4/29/2021,0.7,BREAK
1672200,11151,4/29/2021 10:33,4/29/2021 14:19,4/29/2021,3.8,WRK
1977006,54013,,,4/29/2021,8,ON_CALL
3974506,31288,,,4/29/2021,5,ON_CALL
3974506,31288,4/29/2021 6:19,4/29/2021 9:19,4/29/2021,3,WRK
4019778,54013,4/29/2021 14:14,4/29/2021 17:58,4/29/2021,3.7,WRK
4019778,54013,,,4/29/2021,0.7,BREAK
4019778,54013,4/29/2021 18:39,4/29/2021 22:14,4/29/2021,3.6,WRK
5001188,54013,4/29/2021 14:19,4/29/2021 18:57,4/29/2021,4.6,WRK
5001188,54013,,,4/29/2021,0.8,BREAK
5001188,54013,4/29/2021 19:48,4/29/2021 22:19,4/29/2021,2.5,WRK
5001252,53410,,,4/29/2021,8,ABSENT
5005963,51120,,,4/29/2021,6,ON_CALL
5005963,51120,4/29/2021 6:02,4/29/2021 8:02,4/29/2021,2,WRK
5009770,51100,,,4/29/2021,1,CHARGE
5009770,51100,4/29/2021 6:04,4/29/2021 9:52,4/29/2021,3.8,WRK
5009770,51100,,,4/29/2021,0.9,BREAK
5009770,51100,4/29/2021 10:46,4/29/2021 14:04,4/29/2021,3.3,WRK
5010823,53410,4/29/2021 6:17,4/29/2021 8:59,4/29/2021,2.7,WRK
5010823,53410,,,4/29/2021,0.9,BREAK
5010823,53410,4/29/2021 9:53,4/29/2021 14:17,4/29/2021,4.4,WRK
5010831,55050,,,4/29/2021,8,ABSENT
5010836,55050,,,4/29/2021,8,ABSENT
5011015,55050,,,4/29/2021,3,CHARGE
5011015,55050,4/29/2021 6:00,4/29/2021 10:46,4/29/2021,4.8,WRK
5011015,55050,,,4/29/2021,0.9,BREAK
5011015,55050,4/29/2021 11:39,4/29/2021 14:00,4/29/2021,2.4,WRK
5011060,55050,4/29/2021 6:10,4/29/2021 11:43,4/29/2021,5.6,WRK
5011060,55050,,,4/29/2021,0.8,BREAK
5011060,55050,4/29/2021 12:29,4/29/2021 14:10,4/29/2021,1.7,WRK
5011110,31288,,,4/29/2021,8,ON_CALL
5011147,51120,,,4/29/2021,8,ON_CALL
5011401,55050,,,4/29/2021,8,ABSENT
5011499,31288,,,4/29/2021,6,ON_CALL
5011499,31288,4/29/2021 6:02,4/29/2021 8:02,4/29/2021,2,WRK
5012159,51120,,,4/29/2021,8,ABSENT
5012163,31288,,,4/29/2021,5,ON_CALL
5012163,31288,4/29/2021 14:09,4/29/2021 17:09,4/29/2021,3,WRK
5012165,31288,,,4/29/2021,8,ABSENT
5012329,18048,,,4/29/2021,2,CHARGE
5012329,18048,4/29/2021 14:16,4/29/2021 17:46,4/29/2021,3.5,WRK
5012329,18048,,,4/29/2021,0.8,BREAK
5012329,18048,4/29/2021 18:32,4/29/2021 22:16,4/29/2021,3.7,WRK
5014147,11151,,,4/29/2021,8,ABSENT
507800,51100,,,4/29/2021,6,ON_CALL
507800,51100,4/29/2021 14:13,4/29/2021 16:13,4/29/2021,2,WRK
1377208,53410,4/30/2021 14:02,4/30/2021 18:36,4/30/2021,4.6,WRK
1377208,53410,,,4/30/2021,0.7,BREAK
1377208,53410,4/30/2021 19:18,4/30/2021 22:02,4/30/2021,2.7,WRK
1977006,54013,,,4/30/2021,8,ABSENT
3974506,31288,,,4/30/2021,3,CHARGE
3974506,31288,4/30/2021 14:03,4/30/2021 18:43,4/30/2021,4.7,WRK
3974506,31288,,,4/30/2021,1,BREAK
3974506,31288,4/30/2021 19:43,4/30/2021 22:03,4/30/2021,2.3,WRK
4024378,55050,,,4/30/2021,7,ON_CALL
4024378,55050,4/30/2021 14:16,4/30/2021 15:16,4/30/2021,1,WRK
5001188,54013,,,4/30/2021,1,CHARGE
5001188,54013,4/30/2021 6:03,4/30/2021 11:44,4/30/2021,5.7,WRK
5001188,54013,,,4/30/2021,1,BREAK
5001188,54013,4/30/2021 12:44,4/30/2021 14:03,4/30/2021,1.3,WRK
5001252,53410,4/30/2021 6:02,4/30/2021 11:50,4/30/2021,5.8,WRK
5001252,53410,,,4/30/2021,0.8,BREAK
5001252,53410,4/30/2021 12:41,4/30/2021 14:02,4/30/2021,1.4,WRK
5005963,51120,,,4/30/2021,8,ABSENT
5009770,51100,,,4/30/2021,6,ON_CALL
5009770,51100,4/30/2021 14:09,4/30/2021 16:09,4/30/2021,2,WRK
5010823,53410,,,4/30/2021,8,ABSENT
5010831,55050,,,4/30/2021,8,ABSENT
5010836,55050,4/30/2021 14:04,4/30/2021 16:54,4/30/2021,2.8,WRK
5010836,55050,,,4/30/2021,0.7,BREAK
5010836,55050,4/30/2021 17:37,4/30/2021 22:04,4/30/2021,4.5,WRK
5011015,55050,,,4/30/2021,6,ON_CALL
5011015,55050,4/30/2021 6:01,4/30/2021 8:01,4/30/2021,2,WRK
5011018,51100,,,4/30/2021,8,ABSENT
5011060,55050,,,4/30/2021,8,ON_CALL
5011105,11151,,,4/30/2021,7,ON_CALL
5011105,11151,4/30/2021 6:03,4/30/2021 7:03,4/30/2021,1,WRK
5011110,31288,,,4/30/2021,7,ON_CALL
5011110,31288,4/30/2021 6:18,4/30/2021 7:18,4/30/2021,1,WRK
5011147,51120,,,4/30/2021,1,CHARGE
5011147,51120,4/30/2021 14:18,4/30/2021 18:01,4/30/2021,3.7,WRK
5011147,51120,,,4/30/2021,0.9,BREAK
5011147,51120,4/30/2021 18:58,4/30/2021 22:18,4/30/2021,3.3,WRK
5011633,53410,,,4/30/2021,8,ABSENT
5012159,51120,,,4/30/2021,8,ABSENT
5012163,31288,4/30/2021 6:06,4/30/2021 8:42,4/30/2021,2.6,WRK
5012163,31288,,,4/30/2021,0.9,BREAK
5012163,31288,4/30/2021 9:35,4/30/2021 14:06,4/30/2021,4.5,WRK
5012165,31288,,,4/30/2021,8,ABSENT
5012319,31288,4/30/2021 6:11,4/30/2021 11:41,4/30/2021,5.5,WRK
5012319,31288,,,4/30/2021,0.7,BREAK
5012319,31288,4/30/2021 12:23,4/30/2021 14:11,4/30/2021,1.8,WRK
5012329,18048,,,4/30/2021,8,ABSENT
5014147,11151,,,4/30/2021,8,ABSENT
1377208,53410,,,5/1/2021,8,ABSENT
1672200,11151,,,5/1/2021,8,ABSENT
1977006,54013,5/1/2021 14:15,5/1/2021 16:46,5/1/2021,2.5,WRK
1977006,54013,,,5/1/2021,0.7,BREAK
1977006,54013,5/1/2021 17:26,5/1/2021 22:15,5/1/2021,4.8,WRK
3974506,31288,,,5/1/2021,8,ABSENT
4024378,55050,,,5/1/2021,8,ABSENT
5001188,54013,,,5/1/2021,1,CHARGE
5001188,54013,5/1/2021 6:08,5/1/2021 10:52,5/1/2021,4.7,WRK
5001188,54013,,,5/1/2021,0.8,BREAK
5001188,54013,5/1/2021 11:40,5/1/2021 14:08,5/1/2021,2.5,WRK
5001252,53410,,,5/1/2021,5,ON_CALL
5001252,53410,5/1/2021 6:12,5/1/2021 9:12,5/1/2021,3,WRK
5005963,51120,,,5/1/2021,8,ABSENT
5009770,51100,,,5/1/2021,8,ON_CALL
5010823,53410,,,5/1/2021,2,CHARGE
5010823,53410,5/1/2021 14:20,5/1/2021 17:00,5/1/2021,2.7,WRK
5010823,53410,,,5/1/2021,0.6,BREAK
5010823,53410,5/1/2021 17:34,5/1/2021 22:20,5/1/2021,4.8,WRK
5010831,55050,,,5/1/2021,8,ABSENT
5010836,55050,,,5/1/2021,5,ON_CALL
5010836,55050,5/1/2021 14:16,5/1/2021 17:16,5/1/2021,3,WRK
5011105,11151,,,5/1/2021,8,ABSENT
5011110,31288,,,5/1/2021,8,ABSENT
5011147,51120,,,5/1/2021,8,ABSENT
5011401,55050,5/1/2021 14:02,5/1/2021 16:33,5/1/2021,2.5,WRK
5011401,55050,,,5/1/2021,0.7,BREAK
5011401,55050,5/1/2021 17:14,5/1/2021 22:02,5/1/2021,4.8,WRK
5011499,31288,,,5/1/2021,8,ABSENT
5011633,53410,,,5/1/2021,8,ABSENT
5012159,51120,,,5/1/2021,8,ON_CALL
5012163,31288,,,5/1/2021,8,ABSENT
5012165,31288,,,5/1/2021,8,ABSENT
5012319,31288,,,5/1/2021,8,ABSENT
5014147,11151,,,5/1/2021,8,ABSENT
507800,51100,,,5/1/2021,8,ABSENT
1377208,53410,,,5/2/2021,8,ABSENT
1672200,11151,,,5/2/2021,8,ABSENT
3974506,31288,,,5/2/2021,7,ON_CALL
3974506,31288,5/2/2021 14:16,5/2/2021 15:16,5/2/2021,1,WRK
4019778,54013,,,5/2/2021,5,ON_CALL
4019778,54013,5/2/2021 14:12,5/2/2021 17:12,5/2/2021,3,WRK
5001188,54013,,,5/2/2021,8,ABSENT
5001252,53410,,,5/2/2021,8,ABSENT
5005963,51120,,,5/2/2021,2,CHARGE
5005963,51120,5/2/2021 14:12,5/2/2021 16:53,5/2/2021,2.7,WRK
5005963,51120,,,5/2/2021,0.9,BREAK
5005963,51120,5/2/2021 17:46,5/2/2021 22:12,5/2/2021,4.4,WRK
5010831,55050,,,5/2/2021,8,ABSENT
5010836,55050,,,5/2/2021,8,ABSENT
5011015,55050,,,5/2/2021,8,ABSENT
5011018,51100,,,5/2/2021,8,ABSENT
5011060,55050,,,5/2/2021,8,ABSENT
5011110,31288,,,5/2/2021,8,ABSENT
5011147,51120,,,5/2/2021,8,ABSENT
5011401,55050,,,5/2/2021,8,ABSENT
5011499,31288,,,5/2/2021,8,ON_CALL
5011633,53410,,,5/2/2021,8,ABSENT
5012159,51120,5/2/2021 14:02,5/2/2021 18:42,5/2/2021,4.7,WRK
5012159,51120,,,5/2/2021,0.5,BREAK
5012159,51120,5/2/2021 19:14,5/2/2021 22:02,5/2/2021,2.8,WRK
5012163,31288,,,5/2/2021,5,ON_CALL
5012163,31288,5/2/2021 6:14,5/2/2021 9:14,5/2/2021,3,WRK
5012165,31288,,,5/2/2021,7,ON_CALL
5012165,31288,5/2/2021 6:13,5/2/2021 7:13,5/2/2021,1,WRK
5012319,31288,,,5/2/2021,8,ABSENT
5012329,18048,,,5/2/2021,8,ABSENT
5014147,11151,,,5/2/2021,8,ABSENT
507800,51100,,,5/2/2021,8,ABSENT
1377208,53410,,,5/3/2021,1,CHARGE
1377208,53410,5/3/2021 14:00,5/3/2021 19:31,5/3/2021,5.5,WRK
1377208,53410,,,5/3/2021,1,BREAK
1377208,53410,5/3/2021 20:30,5/3/2021 22:00,5/3/2021,1.5,WRK
1672200,11151,,,5/3/2021,7,ON_CALL
1672200,11151,5/3/2021 14:10,5/3/2021 15:10,5/3/2021,1,WRK
1977006,54013,5/3/2021 6:15,5/3/2021 9:54,5/3/2021,3.7,WRK
1977006,54013,,,5/3/2021,0.9,BREAK
1977006,54013,5/3/2021 10:49,5/3/2021 14:15,5/3/2021,3.4,WRK
3974506,31288,,,5/3/2021,5,ON_CALL
3974506,31288,5/3/2021 6:00,5/3/2021 9:00,5/3/2021,3,WRK
4019778,54013,,,5/3/2021,2,CHARGE
4019778,54013,5/3/2021 14:14,5/3/2021 17:47,5/3/2021,3.6,WRK
4019778,54013,,,5/3/2021,0.7,BREAK
4019778,54013,5/3/2021 18:27,5/3/2021 22:14,5/3/2021,3.8,WRK
4024378,55050,,,5/3/2021,8,ON_CALL
5001188,54013,,,5/3/2021,6,ON_CALL
5001188,54013,5/3/2021 14:07,5/3/2021 16:07,5/3/2021,2,WRK
5001252,53410,,,5/3/2021,8,ABSENT
5005963,51120,,,5/3/2021,8,ABSENT
5009770,51100,,,5/3/2021,8,ABSENT
5010836,55050,,,5/3/2021,5,ON_CALL
5010836,55050,5/3/2021 6:20,5/3/2021 9:20,5/3/2021,3,WRK
5011015,55050,,,5/3/2021,6,ON_CALL
5011015,55050,5/3/2021 6:14,5/3/2021 8:14,5/3/2021,2,WRK
5011018,51100,5/3/2021 14:10,5/3/2021 16:48,5/3/2021,2.6,WRK
5011018,51100,,,5/3/2021,0.9,BREAK
5011018,51100,5/3/2021 17:41,5/3/2021 22:10,5/3/2021,4.5,WRK
5011060,55050,,,5/3/2021,8,ABSENT
5011105,11151,,,5/3/2021,6,ON_CALL
5011105,11151,5/3/2021 14:05,5/3/2021 16:05,5/3/2021,2,WRK
5011110,31288,,,5/3/2021,7,ON_CALL
5011110,31288,5/3/2021 14:08,5/3/2021 15:08,5/3/2021,1,WRK
5011147,51120,5/3/2021 14:03,5/3/2021 18:50,5/3/2021,4.8,WRK
5011147,51120,,,5/3/2021,0.5,BREAK
5011147,51120,5/3/2021 19:22,5/3/2021 22:03,5/3/2021,2.7,WRK
5011401,55050,5/3/2021 6:12,5/3/2021 8:44,5/3/2021,2.5,WRK
5011401,55050,,,5/3/2021,0.7,BREAK
5011401,55050,5/3/2021 9:23,5/3/2021 14:12,5/3/2021,4.8,WRK
5011633,53410,,,5/3/2021,1,CHARGE
5011633,53410,5/3/2021 14:04,5/3/2021 17:43,5/3/2021,3.7,WRK
5011633,53410,,,5/3/2021,0.7,BREAK
5011633,53410,5/3/2021 18:22,5/3/2021 22:04,5/3/2021,3.7,WRK
5012159,51120,,,5/3/2021,6,ON_CALL
5012159,51120,5/3/2021 6:05,5/3/2021 8:05,5/3/2021,2,WRK
5012165,31288,,,5/3/2021,8,ABSENT
5012319,31288,,,5/3/2021,8,ON_CALL
5012329,18048,,,5/3/2021,2,CHARGE
5012329,18048,5/3/2021 14:12,5/3/2021 18:49,5/3/2021,4.6,WRK
5012329,18048,,,5/3/2021,0.8,BREAK
5012329,18048,5/3/2021 19:37,5/3/2021 22:12,5/3/2021,2.6,WRK
507800,51100,,,5/3/2021,6,ON_CALL
507800,51100,5/3/2021 14:13,5/3/2021 16:13,5/3/2021,2,WRK
1977006,54013,5/4/2021 6:12,5/4/2021 9:58,5/4/2021,3.8,WRK
1977006,54013,,,5/4/2021,0.8,BREAK
1977006,54013,5/4/2021 10:44,5/4/2021 14:12,5/4/2021,3.5,WRK
4019778,54013,,,5/4/2021,7,ON_CALL
4019778,54013,5/4/2021 6:12,5/4/2021 7:12,5/4/2021,1,WRK
4024378,55050,,,5/4/2021,3,CHARGE
4024378,55050,5/4/2021 14:20,5/4/2021 18:53,5/4/2021,4.6,WRK
4024378,55050,,,5/4/2021,0.7,BREAK
4024378,55050,5/4/2021 19:32,5/4/2021 22:20,5/4/2021,2.8,WRK
5001188,54013,,,5/4/2021,5,ON_CALL
5001188,54013,5/4/2021 14:20,5/4/2021 17:20,5/4/2021,3,WRK
5001252,53410,,,5/4/2021,8,ON_CALL
5005963,51120,,,5/4/2021,2,CHARGE
5005963,51120,5/4/2021 6:19,5/4/2021 9:03,5/4/2021,2.7,WRK
5005963,51120,,,5/4/2021,0.9,BREAK
5005963,51120,5/4/2021 9:57,5/4/2021 14:19,5/4/2021,4.4,WRK
5009770,51100,,,5/4/2021,6,ON_CALL
5009770,51100,5/4/2021 6:04,5/4/2021 8:04,5/4/2021,2,WRK
5010823,53410,,,5/4/2021,7,ON_CALL
5010823,53410,5/4/2021 14:03,5/4/2021 15:03,5/4/2021,1,WRK
5010831,55050,,,5/4/2021,8,ABSENT
5011015,55050,,,5/4/2021,8,ON_CALL
5011018,51100,5/4/2021 6:16,5/4/2021 9:46,5/4/2021,3.5,WRK
5011018,51100,,,5/4/2021,0.5,BREAK
5011018,51100,5/4/2021 10:18,5/4/2021 14:16,5/4/2021,4,WRK
5011060,55050,,,5/4/2021,8,ON_CALL
5011105,11151,,,5/4/2021,5,ON_CALL
5011105,11151,5/4/2021 6:13,5/4/2021 9:13,5/4/2021,3,WRK
5011110,31288,,,5/4/2021,8,ABSENT
5011147,51120,,,5/4/2021,6,ON_CALL
5011147,51120,5/4/2021 6:18,5/4/2021 8:18,5/4/2021,2,WRK
5011401,55050,,,5/4/2021,8,ABSENT
5011499,31288,,,5/4/2021,8,ABSENT
5011633,53410,,,5/4/2021,8,ABSENT
5012159,51120,,,5/4/2021,8,ABSENT
5012163,31288,,,5/4/2021,8,ON_CALL
5012319,31288,,,5/4/2021,8,ABSENT
5012329,18048,5/4/2021 6:18,5/4/2021 12:08,5/4/2021,5.8,WRK
5012329,18048,,,5/4/2021,0.9,BREAK
5012329,18048,5/4/2021 13:03,5/4/2021 14:18,5/4/2021,1.2,WRK
5014147,11151,,,5/4/2021,5,ON_CALL
5014147,11151,5/4/2021 14:18,5/4/2021 17:18,5/4/2021,3,WRK
507800,51100,,,5/4/2021,5,ON_CALL
507800,51100,5/4/2021 14:09,5/4/2021 17:09,5/4/2021,3,WRK
1377208,53410,5/5/2021 14:09,5/5/2021 19:43,5/5/2021,5.6,WRK
1377208,53410,,,5/5/2021,0.8,BREAK
1377208,53410,5/5/2021 20:33,5/5/2021 22:09,5/5/2021,1.6,WRK
1672200,11151,,,5/5/2021,8,ABSENT
1977006,54013,,,5/5/2021,5,ON_CALL
1977006,54013,5/5/2021 6:13,5/5/2021 9:13,5/5/2021,3,WRK
3974506,31288,,,5/5/2021,5,ON_CALL
3974506,31288,5/5/2021 6:19,5/5/2021 9:19,5/5/2021,3,WRK
4019778,54013,,,5/5/2021,3,CHARGE
4019778,54013,5/5/2021 6:01,5/5/2021 11:43,5/5/2021,5.7,WRK
4019778,54013,,,5/5/2021,0.7,BREAK
4019778,54013,5/5/2021 12:25,5/5/2021 14:01,5/5/2021,1.6,WRK
4024378,55050,5/5/2021 14:11,5/5/2021 19:01,5/5/2021,4.8,WRK
4024378,55050,,,5/5/2021,0.7,BREAK
4024378,55050,5/5/2021 19:43,5/5/2021 22:11,5/5/2021,2.5,WRK
5001252,53410,,,5/5/2021,8,ABSENT
5005963,51120,,,5/5/2021,6,ON_CALL
5005963,51120,5/5/2021 6:13,5/5/2021 8:13,5/5/2021,2,WRK
5009770,51100,,,5/5/2021,3,CHARGE
5009770,51100,5/5/2021 6:15,5/5/2021 8:55,5/5/2021,2.7,WRK
5009770,51100,,,5/5/2021,0.5,BREAK
5009770,51100,5/5/2021 9:27,5/5/2021 14:15,5/5/2021,4.8,WRK
5010823,53410,,,5/5/2021,7,ON_CALL
5010823,53410,5/5/2021 14:06,5/5/2021 15:06,5/5/2021,1,WRK
5010831,55050,,,5/5/2021,8,ABSENT
5011015,55050,,,5/5/2021,8,ABSENT
5011018,51100,,,5/5/2021,3,CHARGE
5011018,51100,5/5/2021 14:04,5/5/2021 18:41,5/5/2021,4.6,WRK
5011018,51100,,,5/5/2021,0.7,BREAK
5011018,51100,5/5/2021 19:21,5/5/2021 22:04,5/5/2021,2.7,WRK
5011060,55050,,,5/5/2021,2,CHARGE
5011060,55050,5/5/2021 14:02,5/5/2021 18:38,5/5/2021,4.6,WRK
5011060,55050,,,5/5/2021,0.9,BREAK
5011060,55050,5/5/2021 19:34,5/5/2021 22:02,5/5/2021,2.5,WRK
5011105,11151,,,5/5/2021,8,ABSENT
5011110,31288,,,5/5/2021,8,ABSENT
5011401,55050,5/5/2021 14:00,5/5/2021 17:42,5/5/2021,3.7,WRK
5011401,55050,,,5/5/2021,0.8,BREAK
5011401,55050,5/5/2021 18:32,5/5/2021 22:00,5/5/2021,3.5,WRK
5011499,31288,,,5/5/2021,2,CHARGE
5011499,31288,5/5/2021 6:13,5/5/2021 11:00,5/5/2021,4.8,WRK
5011499,31288,,,5/5/2021,0.8,BREAK
5011499,31288,5/5/2021 11:45,5/5/2021 14:13,5/5/2021,2.5,WRK
5011633,53410,5/5/2021 6:10,5/5/2021 8:45,5/5/2021,2.6,WRK
5011633,53410,,,5/5/2021,0.9,BREAK
5011633,53410,5/5/2021 9:40,5/5/2021 14:10,5/5/2021,4.5,WRK
5012163,31288,,,5/5/2021,8,ABSENT
5012165,31288,,,5/5/2021,1,CHARGE
5012165,31288,5/5/2021 14:06,5/5/2021 18:39,5/5/2021,4.6,WRK
5012165,31288,,,5/5/2021,0.5,BREAK
5012165,31288,5/5/2021 19:10,5/5/2021 22:06,5/5/2021,2.9,WRK
5012319,31288,,,5/5/2021,7,ON_CALL
5012319,31288,5/5/2021 6:04,5/5/2021 7:04,5/5/2021,1,WRK
5012329,18048,,,5/5/2021,5,ON_CALL
5012329,18048,5/5/2021 6:06,5/5/2021 9:06,5/5/2021,3,WRK
507800,51100,,,5/5/2021,8,ABSENT
1377208,53410,5/6/2021 14:00,5/6/2021 18:48,5/6/2021,4.8,WRK
1377208,53410,,,5/6/2021,0.9,BREAK
1377208,53410,5/6/2021 19:45,5/6/2021 22:00,5/6/2021,2.2,WRK
1672200,11151,,,5/6/2021,8,ABSENT
1977006,54013,,,5/6/2021,5,ON_CALL
1977006,54013,5/6/2021 6:16,5/6/2021 9:16,5/6/2021,3,WRK
3974506,31288,,,5/6/2021,8,ABSENT
4019778,54013,,,5/6/2021,8,ABSENT
5001188,54013,,,5/6/2021,8,ABSENT
5005963,51120,5/6/2021 6:15,5/6/2021 10:49,5/6/2021,4.6,WRK
5005963,51120,,,5/6/2021,0.5,BREAK
5005963,51120,5/6/2021 11:19,5/6/2021 14:15,5/6/2021,2.9,WRK
5009770,51100,,,5/6/2021,7,ON_CALL
5009770,51100,5/6/2021 14:06,5/6/2021 15:06,5/6/2021,1,WRK
5010823,53410,,,5/6/2021,8,ABSENT
5010831,55050,,,5/6/2021,3,CHARGE
5010831,55050,5/6/2021 14:16,5/6/2021 17:58,5/6/2021,3.7,WRK
5010831,55050,,,5/6/2021,0.8,BREAK
5010831,55050,5/6/2021 18:45,5/6/2021 22:16,5/6/2021,3.5,WRK
5010836,55050,,,5/6/2021,8,ABSENT
5011015,55050,,,5/6/2021,7,ON_CALL
5011015,55050,5/6/2021 14:05,5/6/2021 15:05,5/6/2021,1,WRK
5011018,51100,,,5/6/2021,8,ABSENT
5011060,55050,5/6/2021 6:10,5/6/2021 10:40,5/6/2021,4.5,WRK
5011060,55050,,,5/6/2021,0.7,BREAK
5011060,55050,5/6/2021 11:24,5/6/2021 14:10,5/6/2021,2.8,WRK
5011110,31288,,,5/6/2021,8,ABSENT
5011147,51120,,,5/6/2021,6,ON_CALL
5011147,51120,5/6/2021 14:12,5/6/2021 16:12,5/6/2021,2,WRK
5011401,55050,5/6/2021 14:06,5/6/2021 18:54,5/6/2021,4.8,WRK
5011401,55050,,,5/6/2021,0.6,BREAK
5011401,55050,5/6/2021 19:28,5/6/2021 22:06,5/6/2021,2.6,WRK
5011499,31288,,,5/6/2021,7,ON_CALL
5011499,31288,5/6/2021 14:07,5/6/2021 15:07,5/6/2021,1,WRK
5011633,53410,,,5/6/2021,5,ON_CALL
5011633,53410,5/6/2021 14:16,5/6/2021 17:16,5/6/2021,3,WRK
5012159,51120,5/6/2021 6:20,5/6/2021 11:07,5/6/2021,4.8,WRK
5012159,51120,,,5/6/2021,0.6,BREAK
5012159,51120,5/6/2021 11:40,5/6/2021 14:20,5/6/2021,2.7,WRK
5012165,31288,5/6/2021 6:11,5/6/2021 10:43,5/6/2021,4.5,WRK
5012165,31288,,,5/6/2021,0.8,BREAK
5012165,31288,5/6/2021 11:31,5/6/2021 14:11,5/6/2021,2.7,WRK
5012319,31288,,,5/6/2021,2,CHARGE
5012319,31288,5/6/2021 14:05,5/6/2021 18:52,5/6/2021,4.8,WRK
5012319,31288,,,5/6/2021,0.5,BREAK
5012319,31288,5/6/2021 19:22,5/6/2021 22:05,5/6/2021,2.7,WRK
5012329,18048,,,5/6/2021,3,CHARGE
5012329,18048,5/6/2021 14:04,5/6/2021 19:49,5/6/2021,5.8,WRK
5012329,18048,,,5/6/2021,0.9,BREAK
5012329,18048,5/6/2021 20:41,5/6/2021 22:04,5/6/2021,1.4,WRK
5014147,11151,,,5/6/2021,8,ABSENT
1672200,11151,,,5/7/2021,3,CHARGE
1672200,11151,5/7/2021 6:02,5/7/2021 8:40,5/7/2021,2.6,WRK
1672200,11151,,,5/7/2021,0.9,BREAK
1672200,11151,5/7/2021 9:34,5/7/2021 14:02,5/7/2021,4.5,WRK
1977006,54013,,,5/7/2021,8,ABSENT
3974506,31288,,,5/7/2021,7,ON_CALL
3974506,31288,5/7/2021 6:07,5/7/2021 7:07,5/7/2021,1,WRK
4019778,54013,,,5/7/2021,7,ON_CALL
4019778,54013,5/7/2021 6:12,5/7/2021 7:12,5/7/2021,1,WRK
4024378,55050,,,5/7/2021,2,CHARGE
4024378,55050,5/7/2021 14:00,5/7/2021 17:49,5/7/2021,3.8,WRK
4024378,55050,,,5/7/2021,0.8,BREAK
4024378,55050,5/7/2021 18:34,5/7/2021 22:00,5/7/2021,3.4,WRK
5001188,54013,5/7/2021 6:01,5/7/2021 9:33,5/7/2021,3.5,WRK
5001188,54013,,,5/7/2021,0.7,BREAK
5001188,54013,5/7/2021 10:12,5/7/2021 14:01,5/7/2021,3.8,WRK
5001252,53410,,,5/7/2021,8,ABSENT
5005963,51120,,,5/7/2021,6,ON_CALL
5005963,51120,5/7/2021 6:14,5/7/2021 8:14,5/7/2021,2,WRK
5009770,51100,,,5/7/2021,8,ABSENT
5010823,53410,,,5/7/2021,7,ON_CALL
5010823,53410,5/7/2021 6:05,5/7/2021 7:05,5/7/2021,1,WRK
5010831,55050,,,5/7/2021,3,CHARGE
5010831,55050,5/7/2021 14:11,5/7/2021 17:43,5/7/2021,3.5,WRK
5010831,55050,,,5/7/2021,0.5,BREAK
5010831,55050,5/7/2021 18:15,5/7/2021 22:11,5/7/2021,3.9,WRK
5010836,55050,,,5/7/2021,3,CHARGE
5010836,55050,5/7/2021 14:11,5/7/2021 19:51,5/7/2021,5.7,WRK
5010836,55050,,,5/7/2021,0.7,BREAK
5010836,55050,5/7/2021 20:32,5/7/2021 22:11,5/7/2021,1.6,WRK
5011015,55050,,,5/7/2021,6,ON_CALL
5011015,55050,5/7/2021 6:14,5/7/2021 8:14,5/7/2021,2,WRK
5011018,51100,,,5/7/2021,6,ON_CALL
5011018,51100,5/7/2021 14:09,5/7/2021 16:09,5/7/2021,2,WRK
5011105,11151,,,5/7/2021,5,ON_CALL
5011105,11151,5/7/2021 6:16,5/7/2021 9:16,5/7/2021,3,WRK
5011147,51120,,,5/7/2021,8,ABSENT
5011401,55050,5/7/2021 6:13,5/7/2021 10:58,5/7/2021,4.8,WRK
5011401,55050,,,5/7/2021,0.8,BREAK
5011401,55050,5/7/2021 11:48,5/7/2021 14:13,5/7/2021,2.4,WRK
5011633,53410,5/7/2021 14:07,5/7/2021 18:49,5/7/2021,4.7,WRK
5011633,53410,,,5/7/2021,0.8,BREAK
5011633,53410,5/7/2021 19:38,5/7/2021 22:07,5/7/2021,2.5,WRK
5012163,31288,,,5/7/2021,1,CHARGE
5012163,31288,5/7/2021 6:13,5/7/2021 10:48,5/7/2021,4.6,WRK
5012163,31288,,,5/7/2021,0.5,BREAK
5012163,31288,5/7/2021 11:20,5/7/2021 14:13,5/7/2021,2.9,WRK
5012165,31288,,,5/7/2021,6,ON_CALL
5012165,31288,5/7/2021 6:07,5/7/2021 8:07,5/7/2021,2,WRK
5012319,31288,,,5/7/2021,6,ON_CALL
5012319,31288,5/7/2021 6:14,5/7/2021 8:14,5/7/2021,2,WRK
5012329,18048,,,5/7/2021,8,ON_CALL
5014147,11151,,,5/7/2021,6,ON_CALL
5014147,11151,5/7/2021 6:04,5/7/2021 8:04,5/7/2021,2,WRK
507800,51100,5/7/2021 14:08,5/7/2021 17:38,5/7/2021,3.5,WRK
507800,51100,,,5/7/2021,0.5,BREAK
507800,51100,5/7/2021 18:08,5/7/2021 22:08,5/7/2021,4,WRK
1377208,53410,,,5/8/2021,8,ABSENT
1672200,11151,,,5/8/2021,8,ABSENT
1977006,54013,,,5/8/2021,8,ABSENT
3974506,31288,,,5/8/2021,7,ON_CALL
3974506,31288,5/8/2021 14:07,5/8/2021 15:07,5/8/2021,1,WRK
4019778,54013,,,5/8/2021,8,ON_CALL
4024378,55050,,,5/8/2021,8,ABSENT
5001188,54013,,,5/8/2021,8,ABSENT
5005963,51120,,,5/8/2021,7,ON_CALL
5005963,51120,5/8/2021 6:12,5/8/2021 7:12,5/8/2021,1,WRK
5009770,51100,,,5/8/2021,8,ABSENT
5010823,53410,,,5/8/2021,8,ABSENT
5010831,55050,,,5/8/2021,8,ABSENT
5011015,55050,,,5/8/2021,8,ABSENT
5011018,51100,,,5/8/2021,8,ABSENT
5011060,55050,,,5/8/2021,8,ON_CALL
5011110,31288,,,5/8/2021,8,ABSENT
5011147,51120,,,5/8/2021,8,ON_CALL
5011401,55050,,,5/8/2021,8,ABSENT
5011633,53410,,,5/8/2021,8,ABSENT
5012159,51120,,,5/8/2021,8,ABSENT
5012163,31288,,,5/8/2021,8,ABSENT
5012165,31288,,,5/8/2021,8,ABSENT
5012319,31288,,,5/8/2021,8,ABSENT
5012329,18048,,,5/8/2021,5,ON_CALL
5012329,18048,5/8/2021 14:11,5/8/2021 17:11,5/8/2021,3,WRK
507800,51100,,,5/8/2021,8,ABSENT
1377208,53410,,,5/9/2021,8,ABSENT
1672200,11151,,,5/9/2021,8,ABSENT
1977006,54013,5/9/2021 14:06,5/9/2021 17:37,5/9/2021,3.5,WRK
1977006,54013,,,5/9/2021,0.9,BREAK
1977006,54013,5/9/2021 18:30,5/9/2021 22:06,5/9/2021,3.6,WRK
3974506,31288,,,5/9/2021,8,ABSENT
4019778,54013,,,5/9/2021,5,ON_CALL
4019778,54013,5/9/2021 14:10,5/9/2021 17:10,5/9/2021,3,WRK
4024378,55050,,,5/9/2021,7,ON_CALL
4024378,55050,5/9/2021 6:09,5/9/2021 7:09,5/9/2021,1,WRK
5001188,54013,,,5/9/2021,8,ABSENT
5009770,51100,,,5/9/2021,7,ON_CALL
5009770,51100,5/9/2021 6:04,5/9/2021 7:04,5/9/2021,1,WRK
5010823,53410,,,5/9/2021,8,ABSENT
5010836,55050,,,5/9/2021,8,ABSENT
5011015,55050,,,5/9/2021,8,ON_CALL
5011060,55050,,,5/9/2021,8,ABSENT
5011105,11151,,,5/9/2021,8,ABSENT
5011147,51120,,,5/9/2021,8,ABSENT
5011401,55050,,,5/9/2021,7,ON_CALL
5011401,55050,5/9/2021 14:09,5/9/2021 15:09,5/9/2021,1,WRK
5011499,31288,,,5/9/2021,8,ABSENT
5011633,53410,5/9/2021 6:08,5/9/2021 10:54,5/9/2021,4.8,WRK
5011633,53410,,,5/9/2021,0.8,BREAK
5011633,53410,5/9/2021 11:42,5/9/2021 14:08,5/9/2021,2.4,WRK
5012159,51120,5/9/2021 14:03,5/9/2021 19:45,5/9/2021,5.7,WRK
5012159,51120,,,5/9/2021,1,BREAK
5012159,51120,5/9/2021 20:43,5/9/2021 22:03,5/9/2021,1.3,WRK
5012163,31288,,,5/9/2021,8,ABSENT
5012165,31288,,,5/9/2021,8,ABSENT
5012319,31288,,,5/9/2021,8,ON_CALL
5012329,18048,,,5/9/2021,8,ABSENT
5014147,11151,,,5/9/2021,8,ABSENT
507800,51100,,,5/9/2021,5,ON_CALL
507800,51100,5/9/2021 14:10,5/9/2021 17:10,5/9/2021,3,WRK
1377208,53410,,,5/10/2021,1,CHARGE
1377208,53410,5/10/2021 14:05,5/10/2021 16:42,5/10/2021,2.6,WRK
1377208,53410,,,5/10/2021,0.9,BREAK
1377208,53410,5/10/2021 17:39,5/10/2021 22:05,5/10/2021,4.4,WRK
1672200,11151,,,5/10/2021,8,ABSENT
1977006,54013,,,5/10/2021,2,CHARGE
1977006,54013,5/10/2021 14:05,5/10/2021 19:46,5/10/2021,5.7,WRK
1977006,54013,,,5/10/2021,0.8,BREAK
1977006,54013,5/10/2021 20:37,5/10/2021 22:05,5/10/2021,1.5,WRK
3974506,31288,,,5/10/2021,5,ON_CALL
3974506,31288,5/10/2021 6:14,5/10/2021 9:14,5/10/2021,3,WRK
4019778,54013,,,5/10/2021,2,CHARGE
4019778,54013,5/10/2021 6:17,5/10/2021 9:48,5/10/2021,3.5,WRK
4019778,54013,,,5/10/2021,0.8,BREAK
4019778,54013,5/10/2021 10:36,5/10/2021 14:17,5/10/2021,3.7,WRK
4024378,55050,,,5/10/2021,5,ON_CALL
4024378,55050,5/10/2021 6:02,5/10/2021 9:02,5/10/2021,3,WRK
5001188,54013,5/10/2021 14:03,5/10/2021 17:50,5/10/2021,3.8,WRK
5001188,54013,,,5/10/2021,0.6,BREAK
5001188,54013,5/10/2021 18:25,5/10/2021 22:03,5/10/2021,3.6,WRK
5001252,53410,5/10/2021 14:05,5/10/2021 17:35,5/10/2021,3.5,WRK
5001252,53410,,,5/10/2021,0.6,BREAK
5001252,53410,5/10/2021 18:10,5/10/2021 22:05,5/10/2021,3.9,WRK
5005963,51120,5/10/2021 6:10,5/10/2021 10:00,5/10/2021,3.8,WRK
5005963,51120,,,5/10/2021,0.5,BREAK
5005963,51120,5/10/2021 10:30,5/10/2021 14:10,5/10/2021,3.7,WRK
5009770,51100,,,5/10/2021,8,ABSENT
5010831,55050,,,5/10/2021,5,ON_CALL
5010831,55050,5/10/2021 6:15,5/10/2021 9:15,5/10/2021,3,WRK
5010836,55050,,,5/10/2021,7,ON_CALL
5010836,55050,5/10/2021 14:09,5/10/2021 15:09,5/10/2021,1,WRK
5011015,55050,5/10/2021 6:10,5/10/2021 9:55,5/10/2021,3.8,WRK
5011015,55050,,,5/10/2021,0.7,BREAK
5011015,55050,5/10/2021 10:35,5/10/2021 14:10,5/10/2021,3.6,WRK
5011018,51100,,,5/10/2021,8,ABSENT
5011060,55050,5/10/2021 6:07,5/10/2021 10:51,5/10/2021,4.7,WRK
5011060,55050,,,5/10/2021,0.9,BREAK
5011060,55050,5/10/2021 11:46,5/10/2021 14:07,5/10/2021,2.4,WRK
5011110,31288,,,5/10/2021,3,CHARGE
5011110,31288,5/10/2021 14:10,5/10/2021 19:59,5/10/2021,5.8,WRK
5011110,31288,,,5/10/2021,0.7,BREAK
5011110,31288,5/10/2021 20:40,5/10/2021 22:10,5/10/2021,1.5,WRK
5011147,51120,,,5/10/2021,7,ON_CALL
5011147,51120,5/10/2021 14:16,5/10/2021 15:16,5/10/2021,1,WRK
5011401,55050,5/10/2021 6:17,5/10/2021 9:59,5/10/2021,3.7,WRK
5011401,55050,,,5/10/2021,0.6,BREAK
5011401,55050,5/10/2021 10:37,5/10/2021 14:17,5/10/2021,3.7,WRK
5011633,53410,,,5/10/2021,8,ABSENT
5012159,51120,,,5/10/2021,1,CHARGE
5012159,51120,5/10/2021 6:19,5/10/2021 8:51,5/10/2021,2.5,WRK
5012159,51120,,,5/10/2021,0.5,BREAK
5012159,51120,5/10/2021 9:23,5/10/2021 14:19,5/10/2021,4.9,WRK
5012163,31288,,,5/10/2021,2,CHARGE
5012163,31288,5/10/2021 14:02,5/10/2021 18:32,5/10/2021,4.5,WRK
5012163,31288,,,5/10/2021,1,BREAK
5012163,31288,5/10/2021 19:32,5/10/2021 22:02,5/10/2021,2.5,WRK
5012165,31288,,,5/10/2021,8,ABSENT
5012319,31288,,,5/10/2021,8,ABSENT
5012329,18048,5/10/2021 6:19,5/10/2021 10:55,5/10/2021,4.6,WRK
5012329,18048,,,5/10/2021,0.9,BREAK
5012329,18048,5/10/2021 11:51,5/10/2021 14:19,5/10/2021,2.5,WRK
1377208,53410,5/11/2021 14:14,5/11/2021 19:44,5/11/2021,5.5,WRK
1377208,53410,,,5/11/2021,0.9,BREAK
1377208,53410,5/11/2021 20:39,5/11/2021 22:14,5/11/2021,1.6,WRK
1672200,11151,,,5/11/2021,8,ON_CALL
1977006,54013,,,5/11/2021,6,ON_CALL
1977006,54013,5/11/2021 6:14,5/11/2021 8:14,5/11/2021,2,WRK
3974506,31288,5/11/2021 14:16,5/11/2021 17:49,5/11/2021,3.6,WRK
3974506,31288,,,5/11/2021,0.7,BREAK
3974506,31288,5/11/2021 18:29,5/11/2021 22:16,5/11/2021,3.8,WRK
4019778,54013,,,5/11/2021,3,CHARGE
4019778,54013,5/11/2021 14:02,5/11/2021 19:37,5/11/2021,5.6,WRK
4019778,54013,,,5/11/2021,0.9,BREAK
4019778,54013,5/11/2021 20:31,5/11/2021 22:02,5/11/2021,1.5,WRK
4024378,55050,,,5/11/2021,5,ON_CALL
4024378,55050,5/11/2021 6:18,5/11/2021 9:18,5/11/2021,3,WRK
5001188,54013,,,5/11/2021,5,ON_CALL
5001188,54013,5/11/2021 6:19,5/11/2021 9:19,5/11/2021,3,WRK
5005963,51120,,,5/11/2021,5,ON_CALL
5005963,51120,5/11/2021 6:18,5/11/2021 9:18,5/11/2021,3,WRK
5009770,51100,,,5/11/2021,6,ON_CALL
5009770,51100,5/11/2021 14:17,5/11/2021 16:17,5/11/2021,2,WRK
5010823,53410,,,5/11/2021,8,ABSENT
5010831,55050,,,5/11/2021,6,ON_CALL
5010831,55050,5/11/2021 6:18,5/11/2021 8:18,5/11/2021,2,WRK
5011015,55050,,,5/11/2021,8,ABSENT
5011018,51100,,,5/11/2021,1,CHARGE
5011018,51100,5/11/2021 14:06,5/11/2021 18:53,5/11/2021,4.8,WRK
5011018,51100,,,5/11/2021,0.9,BREAK
5011018,51100,5/11/2021 19:49,5/11/2021 22:06,5/11/2021,2.3,WRK
5011105,11151,,,5/11/2021,8,ABSENT
5011147,51120,,,5/11/2021,5,ON_CALL
5011147,51120,5/11/2021 6:12,5/11/2021 9:12,5/11/2021,3,WRK
5011401,55050,,,5/11/2021,5,ON_CALL
5011401,55050,5/11/2021 6:10,5/11/2021 9:10,5/11/2021,3,WRK
5011499,31288,,,5/11/2021,8,ABSENT
5011633,53410,,,5/11/2021,8,ON_CALL
5012159,51120,,,5/11/2021,3,CHARGE
5012159,51120,5/11/2021 6:08,5/11/2021 9:55,5/11/2021,3.8,WRK
5012159,51120,,,5/11/2021,0.6,BREAK
5012159,51120,5/11/2021 10:31,5/11/2021 14:08,5/11/2021,3.6,WRK
5012163,31288,5/11/2021 6:08,5/11/2021 9:48,5/11/2021,3.7,WRK
5012163,31288,,,5/11/2021,0.9,BREAK
5012163,31288,5/11/2021 10:41,5/11/2021 14:08,5/11/2021,3.5,WRK
5012165,31288,,,5/11/2021,8,ABSENT
5012319,31288,5/11/2021 14:08,5/11/2021 16:45,5/11/2021,2.6,WRK
5012319,31288,,,5/11/2021,0.8,BREAK
5012319,31288,5/11/2021 17:31,5/11/2021 22:08,5/11/2021,4.6,WRK
5014147,11151,,,5/11/2021,8,ON_CALL
507800,51100,,,5/11/2021,8,ABSENT
1377208,53410,,,5/12/2021,8,ABSENT
1672200,11151,,,5/12/2021,7,ON_CALL
1672200,11151,5/12/2021 6:18,5/12/2021 7:18,5/12/2021,1,WRK
1977006,54013,,,5/12/2021,2,CHARGE
1977006,54013,5/12/2021 14:07,5/12/2021 18:47,5/12/2021,4.7,WRK
1977006,54013,,,5/12/2021,0.6,BREAK
1977006,54013,5/12/2021 19:24,5/12/2021 22:07,5/12/2021,2.7,WRK
4019778,54013,,,5/12/2021,8,ABSENT
5001188,54013,,,5/12/2021,1,CHARGE
5001188,54013,5/12/2021 14:18,5/12/2021 18:50,5/12/2021,4.5,WRK
5001188,54013,,,5/12/2021,0.9,BREAK
5001188,54013,5/12/2021 19:44,5/12/2021 22:18,5/12/2021,2.6,WRK
5001252,53410,,,5/12/2021,8,ON_CALL
5005963,51120,,,5/12/2021,5,ON_CALL
5005963,51120,5/12/2021 6:08,5/12/2021 9:08,5/12/2021,3,WRK
5009770,51100,,,5/12/2021,7,ON_CALL
5009770,51100,5/12/2021 6:17,5/12/2021 7:17,5/12/2021,1,WRK
5010823,53410,,,5/12/2021,6,ON_CALL
5010823,53410,5/12/2021 6:19,5/12/2021 8:19,5/12/2021,2,WRK
5011015,55050,5/12/2021 14:11,5/12/2021 17:01,5/12/2021,2.8,WRK
5011015,55050,,,5/12/2021,0.6,BREAK
5011015,55050,5/12/2021 17:38,5/12/2021 22:11,5/12/2021,4.5,WRK
5011018,51100,,,5/12/2021,8,ABSENT
5011060,55050,,,5/12/2021,8,ABSENT
5011105,11151,,,5/12/2021,8,ABSENT
5011110,31288,,,5/12/2021,6,ON_CALL
5011110,31288,5/12/2021 14:08,5/12/2021 16:08,5/12/2021,2,WRK
5011147,51120,,,5/12/2021,8,ABSENT
5011401,55050,,,5/12/2021,8,ABSENT
5011499,31288,,,5/12/2021,5,ON_CALL
5011499,31288,5/12/2021 14:14,5/12/2021 17:14,5/12/2021,3,WRK
5011633,53410,,,5/12/2021,8,ABSENT
5012159,51120,,,5/12/2021,8,ON_CALL
5012163,31288,5/12/2021 6:11,5/12/2021 8:52,5/12/2021,2.7,WRK
5012163,31288,,,5/12/2021,0.7,BREAK
5012163,31288,5/12/2021 9:34,5/12/2021 14:11,5/12/2021,4.6,WRK
5012319,31288,,,5/12/2021,6,ON_CALL
5012319,31288,5/12/2021 14:08,5/12/2021 16:08,5/12/2021,2,WRK
5012329,18048,,,5/12/2021,8,ABSENT
5014147,11151,,,5/12/2021,8,ABSENT
507800,51100,,,5/12/2021,5,ON_CALL
507800,51100,5/12/2021 14:18,5/12/2021 17:18,5/12/2021,3,WRK
1377208,53410,,,5/13/2021,5,ON_CALL
1377208,53410,5/13/2021 6:13,5/13/2021 9:13,5/13/2021,3,WRK
1672200,11151,,,5/13/2021,5,ON_CALL
1672200,11151,5/13/2021 14:14,5/13/2021 17:14,5/13/2021,3,WRK
1977006,54013,5/13/2021 14:17,5/13/2021 18:05,5/13/2021,3.8,WRK
1977006,54013,,,5/13/2021,0.8,BREAK
1977006,54013,5/13/2021 18:54,5/13/2021 22:17,5/13/2021,3.4,WRK
3974506,31288,,,5/13/2021,1,CHARGE
3974506,31288,5/13/2021 6:00,5/13/2021 10:46,5/13/2021,4.8,WRK
3974506,31288,,,5/13/2021,0.5,BREAK
3974506,31288,5/13/2021 11:18,5/13/2021 14:00,5/13/2021,2.7,WRK
4019778,54013,,,5/13/2021,3,CHARGE
4019778,54013,5/13/2021 6:00,5/13/2021 8:44,5/13/2021,2.7,WRK
4019778,54013,,,5/13/2021,0.7,BREAK
4019778,54013,5/13/2021 9:27,5/13/2021 14:00,5/13/2021,4.5,WRK
5001188,54013,,,5/13/2021,8,ABSENT
5009770,51100,,,5/13/2021,1,CHARGE
5009770,51100,5/13/2021 6:04,5/13/2021 8:42,5/13/2021,2.6,WRK
5009770,51100,,,5/13/2021,0.8,BREAK
5009770,51100,5/13/2021 9:29,5/13/2021 14:04,5/13/2021,4.6,WRK
5010831,55050,,,5/13/2021,8,ABSENT
5010836,55050,5/13/2021 6:12,5/13/2021 9:45,5/13/2021,3.6,WRK
5010836,55050,,,5/13/2021,0.6,BREAK
5010836,55050,5/13/2021 10:21,5/13/2021 14:12,5/13/2021,3.9,WRK
5011015,55050,,,5/13/2021,5,ON_CALL
5011015,55050,5/13/2021 6:13,5/13/2021 9:13,5/13/2021,3,WRK
5011060,55050,,,5/13/2021,6,ON_CALL
5011060,55050,5/13/2021 6:00,5/13/2021 8:00,5/13/2021,2,WRK
5011105,11151,,,5/13/2021,8,ABSENT
5011110,31288,,,5/13/2021,2,CHARGE
5011110,31288,5/13/2021 6:20,5/13/2021 11:57,5/13/2021,5.6,WRK
5011110,31288,,,5/13/2021,0.6,BREAK
5011110,31288,5/13/2021 12:35,5/13/2021 14:20,5/13/2021,1.8,WRK
5011147,51120,,,5/13/2021,8,ABSENT
5011401,55050,5/13/2021 14:04,5/13/2021 18:48,5/13/2021,4.7,WRK
5011401,55050,,,5/13/2021,0.6,BREAK
5011401,55050,5/13/2021 19:25,5/13/2021 22:04,5/13/2021,2.6,WRK
5011499,31288,,,5/13/2021,8,ABSENT
5011633,53410,,,5/13/2021,5,ON_CALL
5011633,53410,5/13/2021 6:13,5/13/2021 9:13,5/13/2021,3,WRK
5012159,51120,,,5/13/2021,8,ABSENT
5012163,31288,,,5/13/2021,7,ON_CALL
5012163,31288,5/13/2021 6:19,5/13/2021 7:19,5/13/2021,1,WRK
5012165,31288,,,5/13/2021,8,ABSENT
5012319,31288,,,5/13/2021,8,ABSENT
5012329,18048,,,5/13/2021,7,ON_CALL
5012329,18048,5/13/2021 14:00,5/13/2021 15:00,5/13/2021,1,WRK
5014147,11151,,,5/13/2021,8,ABSENT
507800,51100,,,5/13/2021,5,ON_CALL
507800,51100,5/13/2021 6:11,5/13/2021 9:11,5/13/2021,3,WRK
1672200,11151,,,5/14/2021,8,ABSENT
1977006,54013,5/14/2021 14:15,5/14/2021 17:53,5/14/2021,3.6,WRK
1977006,54013,,,5/14/2021,0.6,BREAK
1977006,54013,5/14/2021 18:29,5/14/2021 22:15,5/14/2021,3.8,WRK
3974506,31288,,,5/14/2021,6,ON_CALL
3974506,31288,5/14/2021 14:09,5/14/2021 16:09,5/14/2021,2,WRK
4019778,54013,,,5/14/2021,1,CHARGE
4019778,54013,5/14/2021 14:11,5/14/2021 19:57,5/14/2021,5.8,WRK
4019778,54013,,,5/14/2021,0.6,BREAK
4019778,54013,5/14/2021 20:31,5/14/2021 22:11,5/14/2021,1.7,WRK
4024378,55050,,,5/14/2021,3,CHARGE
4024378,55050,5/14/2021 6:15,5/14/2021 12:01,5/14/2021,5.8,WRK
4024378,55050,,,5/14/2021,0.8,BREAK
4024378,55050,5/14/2021 12:49,5/14/2021 14:15,5/14/2021,1.4,WRK
5001188,54013,5/14/2021 6:19,5/14/2021 10:55,5/14/2021,4.6,WRK
5001188,54013,,,5/14/2021,0.9,BREAK
5001188,54013,5/14/2021 11:49,5/14/2021 14:19,5/14/2021,2.5,WRK
5001252,53410,,,5/14/2021,8,ABSENT
5005963,51120,,,5/14/2021,6,ON_CALL
5005963,51120,5/14/2021 6:14,5/14/2021 8:14,5/14/2021,2,WRK
5009770,51100,,,5/14/2021,8,ABSENT
5010823,53410,,,5/14/2021,5,ON_CALL
5010823,53410,5/14/2021 6:02,5/14/2021 9:02,5/14/2021,3,WRK
5010831,55050,,,5/14/2021,8,ABSENT
5010836,55050,,,5/14/2021,5,ON_CALL
5010836,55050,5/14/2021 14:08,5/14/2021 17:08,5/14/2021,3,WRK
5011018,51100,,,5/14/2021,8,ABSENT
5011060,55050,,,5/14/2021,7,ON_CALL
5011060,55050,5/14/2021 14:08,5/14/2021 15:08,5/14/2021,1,WRK
5011105,11151,,,5/14/2021,2,CHARGE
5011105,11151,5/14/2021 6:10,5/14/2021 8:54,5/14/2021,2.7,WRK
5011105,11151,,,5/14/2021,0.8,BREAK
5011105,11151,5/14/2021 9:40,5/14/2021 14:10,5/14/2021,4.5,WRK
5011110,31288,,,5/14/2021,3,CHARGE
5011110,31288,5/14/2021 14:16,5/14/2021 16:56,5/14/2021,2.7,WRK
5011110,31288,,,5/14/2021,0.8,BREAK
5011110,31288,5/14/2021 17:44,5/14/2021 22:16,5/14/2021,4.5,WRK
5011147,51120,,,5/14/2021,6,ON_CALL
5011147,51120,5/14/2021 6:16,5/14/2021 8:16,5/14/2021,2,WRK
5011401,55050,,,5/14/2021,8,ABSENT
5011633,53410,,,5/14/2021,6,ON_CALL
5011633,53410,5/14/2021 6:12,5/14/2021 8:12,5/14/2021,2,WRK
5012163,31288,,,5/14/2021,8,ON_CALL
5012165,31288,5/14/2021 14:08,5/14/2021 19:51,5/14/2021,5.7,WRK
5012165,31288,,,5/14/2021,0.7,BREAK
5012165,31288,5/14/2021 20:35,5/14/2021 22:08,5/14/2021,1.6,WRK
5012319,31288,,,5/14/2021,8,ABSENT
5012329,18048,,,5/14/2021,7,ON_CALL
5012329,18048,5/14/2021 6:08,5/14/2021 7:08,5/14/2021,1,WRK
507800,51100,,,5/14/2021,8,ABSENT
1672200,11151,5/15/2021 6:02,5/15/2021 10:51,5/15/2021,4.8,WRK
1672200,11151,,,5/15/2021,0.7,BREAK
1672200,11151,5/15/2021 11:34,5/15/2021 14:02,5/15/2021,2.5,WRK
1977006,54013,,,5/15/2021,8,ABSENT
3974506,31288,,,5/15/2021,8,ABSENT
4019778,54013,,,5/15/2021,8,ABSENT
4024378,55050,,,5/15/2021,8,ABSENT
5001252,53410,,,5/15/2021,8,ABSENT
5005963,51120,,,5/15/2021,8,ABSENT
5009770,51100,,,5/15/2021,8,ABSENT
5010823,53410,,,5/15/2021,8,ABSENT
5010831,55050,,,5/15/2021,8,ABSENT
5011015,55050,,,5/15/2021,8,ABSENT
5011018,51100,,,5/15/2021,7,ON_CALL
5011018,51100,5/15/2021 6:17,5/15/2021 7:17,5/15/2021,1,WRK
5011060,55050,,,5/15/2021,8,ABSENT
5011105,11151,,,5/15/2021,8,ABSENT
5011147,51120,,,5/15/2021,8,ABSENT
5011401,55050,,,5/15/2021,8,ABSENT
5011499,31288,,,5/15/2021,6,ON_CALL
5011499,31288,5/15/2021 6:20,5/15/2021 8:20,5/15/2021,2,WRK
5011633,53410,,,5/15/2021,5,ON_CALL
5011633,53410,5/15/2021 6:16,5/15/2021 9:16,5/15/2021,3,WRK
5012163,31288,5/15/2021 14:09,5/15/2021 16:44,5/15/2021,2.6,WRK
5012163,31288,,,5/15/2021,0.7,BREAK
5012163,31288,5/15/2021 17:25,5/15/2021 22:09,5/15/2021,4.7,WRK
5012165,31288,,,5/15/2021,6,ON_CALL
5012165,31288,5/15/2021 6:10,5/15/2021 8:10,5/15/2021,2,WRK
5012319,31288,,,5/15/2021,2,CHARGE
5012319,31288,5/15/2021 6:20,5/15/2021 10:06,5/15/2021,3.8,WRK
5012319,31288,,,5/15/2021,0.5,BREAK
5012319,31288,5/15/2021 10:38,5/15/2021 14:20,5/15/2021,3.7,WRK
5012329,18048,,,5/15/2021,1,CHARGE
5012329,18048,5/15/2021 14:18,5/15/2021 17:00,5/15/2021,2.7,WRK
5012329,18048,,,5/15/2021,0.8,BREAK
5012329,18048,5/15/2021 17:46,5/15/2021 22:18,5/15/2021,4.5,WRK
5014147,11151,5/15/2021 14:07,5/15/2021 16:44,5/15/2021,2.6,WRK
5014147,11151,,,5/15/2021,0.7,BREAK
5014147,11151,5/15/2021 17:25,5/15/2021 22:07,5/15/2021,4.7,WRK
507800,51100,,,5/15/2021,8,ABSENT
1377208,53410,,,5/16/2021,8,ABSENT
1672200,11151,,,5/16/2021,8,ABSENT
1977006,54013,,,5/16/2021,8,ABSENT
3974506,31288,,,5/16/2021,8,ABSENT
4019778,54013,5/16/2021 14:15,5/16/2021 19:49,5/16/2021,5.6,WRK
4019778,54013,,,5/16/2021,0.7,BREAK
4019778,54013,5/16/2021 20:31,5/16/2021 22:15,5/16/2021,1.7,WRK
4024378,55050,,,5/16/2021,3,CHARGE
4024378,55050,5/16/2021 6:12,5/16/2021 8:46,5/16/2021,2.6,WRK
4024378,55050,,,5/16/2021,0.6,BREAK
4024378,55050,5/16/2021 9:23,5/16/2021 14:12,5/16/2021,4.8,WRK
5001188,54013,,,5/16/2021,8,ABSENT
5001252,53410,,,5/16/2021,8,ABSENT
5005963,51120,,,5/16/2021,8,ABSENT
5009770,51100,,,5/16/2021,6,ON_CALL
5009770,51100,5/16/2021 6:03,5/16/2021 8:03,5/16/2021,2,WRK
5010823,53410,,,5/16/2021,8,ON_CALL
5010831,55050,,,5/16/2021,8,ABSENT
5010836,55050,,,5/16/2021,8,ABSENT
5011015,55050,,,5/16/2021,3,CHARGE
5011015,55050,5/16/2021 14:12,5/16/2021 17:51,5/16/2021,3.7,WRK
5011015,55050,,,5/16/2021,0.8,BREAK
5011015,55050,5/16/2021 18:36,5/16/2021 22:12,5/16/2021,3.6,WRK
5011018,51100,,,5/16/2021,1,CHARGE
5011018,51100,5/16/2021 6:16,5/16/2021 11:58,5/16/2021,5.7,WRK
5011018,51100,,,5/16/2021,0.9,BREAK
5011018,51100,5/16/2021 12:55,5/16/2021 14:16,5/16/2021,1.4,WRK
5011105,11151,,,5/16/2021,1,CHARGE
5011105,11151,5/16/2021 14:05,5/16/2021 19:55,5/16/2021,5.8,WRK
5011105,11151,,,5/16/2021,0.6,BREAK
5011105,11151,5/16/2021 20:32,5/16/2021 22:05,5/16/2021,1.6,WRK
5011110,31288,,,5/16/2021,8,ABSENT
5011147,51120,,,5/16/2021,1,CHARGE
5011147,51120,5/16/2021 6:17,5/16/2021 9:54,5/16/2021,3.6,WRK
5011147,51120,,,5/16/2021,0.6,BREAK
5011147,51120,5/16/2021 10:30,5/16/2021 14:17,5/16/2021,3.8,WRK
5011401,55050,,,5/16/2021,8,ABSENT
5011499,31288,,,5/16/2021,7,ON_CALL
5011499,31288,5/16/2021 6:12,5/16/2021 7:12,5/16/2021,1,WRK
5012163,31288,5/16/2021 14:19,5/16/2021 18:50,5/16/2021,4.5,WRK
5012163,31288,,,5/16/2021,0.6,BREAK
5012163,31288,5/16/2021 19:28,5/16/2021 22:19,5/16/2021,2.9,WRK
5012319,31288,,,5/16/2021,1,CHARGE
5012319,31288,5/16/2021 6:01,5/16/2021 10:47,5/16/2021,4.8,WRK
5012319,31288,,,5/16/2021,0.7,BREAK
5012319,31288,5/16/2021 11:26,5/16/2021 14:01,5/16/2021,2.6,WRK
5012329,18048,,,5/16/2021,8,ABSENT
5014147,11151,,,5/16/2021,8,ABSENT
1377208,53410,,,5/17/2021,2,CHARGE
1377208,53410,5/17/2021 6:04,5/17/2021 11:52,5/17/2021,5.8,WRK
1377208,53410,,,5/17/2021,0.7,BREAK
1377208,53410,5/17/2021 12:32,5/17/2021 14:04,5/17/2021,1.5,WRK
1672200,11151,,,5/17/2021,1,CHARGE
1672200,11151,5/17/2021 14:05,5/17/2021 16:41,5/17/2021,2.6,WRK
1672200,11151,,,5/17/2021,0.6,BREAK
1672200,11151,5/17/2021 17:17,5/17/2021 22:05,5/17/2021,4.8,WRK
1977006,54013,,,5/17/2021,1,CHARGE
1977006,54013,5/17/2021 14:17,5/17/2021 19:50,5/17/2021,5.6,WRK
1977006,54013,,,5/17/2021,0.7,BREAK
1977006,54013,5/17/2021 20:34,5/17/2021 22:17,5/17/2021,1.7,WRK
3974506,31288,5/17/2021 14:12,5/17/2021 18:52,5/17/2021,4.7,WRK
3974506,31288,,,5/17/2021,0.8,BREAK
3974506,31288,5/17/2021 19:38,5/17/2021 22:12,5/17/2021,2.6,WRK
4019778,54013,,,5/17/2021,8,ABSENT
5001252,53410,,,5/17/2021,1,CHARGE
5001252,53410,5/17/2021 14:09,5/17/2021 17:52,5/17/2021,3.7,WRK
5001252,53410,,,5/17/2021,0.9,BREAK
5001252,53410,5/17/2021 18:44,5/17/2021 22:09,5/17/2021,3.4,WRK
5009770,51100,,,5/17/2021,2,CHARGE
5009770,51100,5/17/2021 14:15,5/17/2021 19:58,5/17/2021,5.7,WRK
5009770,51100,,,5/17/2021,0.6,BREAK
5009770,51100,5/17/2021 20:32,5/17/2021 22:15,5/17/2021,1.7,WRK
5010823,53410,,,5/17/2021,8,ABSENT
5010831,55050,5/17/2021 14:10,5/17/2021 17:57,5/17/2021,3.8,WRK
5010831,55050,,,5/17/2021,0.6,BREAK
5010831,55050,5/17/2021 18:33,5/17/2021 22:10,5/17/2021,3.6,WRK
5010836,55050,,,5/17/2021,7,ON_CALL
5010836,55050,5/17/2021 6:10,5/17/2021 7:10,5/17/2021,1,WRK
5011015,55050,,,5/17/2021,1,CHARGE
5011015,55050,5/17/2021 6:01,5/17/2021 11:36,5/17/2021,5.6,WRK
5011015,55050,,,5/17/2021,0.5,BREAK
5011015,55050,5/17/2021 12:08,5/17/2021 14:01,5/17/2021,1.9,WRK
5011018,51100,,,5/17/2021,5,ON_CALL
5011018,51100,5/17/2021 6:05,5/17/2021 9:05,5/17/2021,3,WRK
5011060,55050,,,5/17/2021,5,ON_CALL
5011060,55050,5/17/2021 14:05,5/17/2021 17:05,5/17/2021,3,WRK
5011110,31288,5/17/2021 14:17,5/17/2021 16:49,5/17/2021,2.5,WRK
5011110,31288,,,5/17/2021,0.6,BREAK
5011110,31288,5/17/2021 17:26,5/17/2021 22:17,5/17/2021,4.8,WRK
5011147,51120,,,5/17/2021,8,ABSENT
5011499,31288,,,5/17/2021,8,ABSENT
5011633,53410,,,5/17/2021,8,ABSENT
5012159,51120,,,5/17/2021,8,ON_CALL
5012163,31288,5/17/2021 6:02,5/17/2021 10:32,5/17/2021,4.5,WRK
5012163,31288,,,5/17/2021,0.6,BREAK
5012163,31288,5/17/2021 11:08,5/17/2021 14:02,5/17/2021,2.9,WRK
5012165,31288,,,5/17/2021,6,ON_CALL
5012165,31288,5/17/2021 6:08,5/17/2021 8:08,5/17/2021,2,WRK
5012319,31288,,,5/17/2021,2,CHARGE
5012319,31288,5/17/2021 14:07,5/17/2021 16:44,5/17/2021,2.6,WRK
5012319,31288,,,5/17/2021,0.9,BREAK
5012319,31288,5/17/2021 17:37,5/17/2021 22:07,5/17/2021,4.5,WRK
5012329,18048,5/17/2021 6:06,5/17/2021 8:40,5/17/2021,2.6,WRK
5012329,18048,,,5/17/2021,0.5,BREAK
5012329,18048,5/17/2021 9:10,5/17/2021 14:06,5/17/2021,4.9,WRK
5014147,11151,,,5/17/2021,3,CHARGE
5014147,11151,5/17/2021 14:04,5/17/2021 18:53,5/17/2021,4.8,WRK
5014147,11151,,,5/17/2021,0.7,BREAK
5014147,11151,5/17/2021 19:35,5/17/2021 22:04,5/17/2021,2.5,WRK
507800,51100,,,5/17/2021,8,ABSENT
1377208,53410,,,5/18/2021,6,ON_CALL
1377208,53410,5/18/2021 6:18,5/18/2021 8:18,5/18/2021,2,WRK
1672200,11151,,,5/18/2021,8,ABSENT
1977006,54013,,,5/18/2021,8,ABSENT
4019778,54013,,,5/18/2021,5,ON_CALL
4019778,54013,5/18/2021 14:12,5/18/2021 17:12,5/18/2021,3,WRK
4024378,55050,,,5/18/2021,2,CHARGE
4024378,55050,5/18/2021 14:13,5/18/2021 16:55,5/18/2021,2.7,WRK
4024378,55050,,,5/18/2021,0.8,BREAK
4024378,55050,5/18/2021 17:45,5/18/2021 22:13,5/18/2021,4.5,WRK
5005963,51120,,,5/18/2021,5,ON_CALL
5005963,51120,5/18/2021 14:19,5/18/2021 17:19,5/18/2021,3,WRK
5009770,51100,,,5/18/2021,6,ON_CALL
5009770,51100,5/18/2021 14:16,5/18/2021 16:16,5/18/2021,2,WRK
5010823,53410,,,5/18/2021,8,ON_CALL
5010831,55050,5/18/2021 6:07,5/18/2021 9:52,5/18/2021,3.8,WRK
5010831,55050,,,5/18/2021,1,BREAK
5010831,55050,5/18/2021 10:50,5/18/2021 14:07,5/18/2021,3.3,WRK
5010836,55050,5/18/2021 14:16,5/18/2021 18:48,5/18/2021,4.5,WRK
5010836,55050,,,5/18/2021,0.6,BREAK
5010836,55050,5/18/2021 19:21,5/18/2021 22:16,5/18/2021,2.9,WRK
5011015,55050,,,5/18/2021,8,ABSENT
5011018,51100,5/18/2021 14:13,5/18/2021 19:00,5/18/2021,4.8,WRK
5011018,51100,,,5/18/2021,0.8,BREAK
5011018,51100,5/18/2021 19:50,5/18/2021 22:13,5/18/2021,2.4,WRK
5011060,55050,,,5/18/2021,6,ON_CALL
5011060,55050,5/18/2021 6:03,5/18/2021 8:03,5/18/2021,2,WRK
5011105,11151,5/18/2021 14:20,5/18/2021 18:04,5/18/2021,3.7,WRK
5011105,11151,,,5/18/2021,0.9,BREAK
5011105,11151,5/18/2021 18:59,5/18/2021 22:20,5/18/2021,3.4,WRK
5011110,31288,,,5/18/2021,8,ABSENT
5011147,51120,,,5/18/2021,8,ABSENT
5011401,55050,,,5/18/2021,6,ON_CALL
5011401,55050,5/18/2021 14:15,5/18/2021 16:15,5/18/2021,2,WRK
5011499,31288,5/18/2021 6:09,5/18/2021 10:58,5/18/2021,4.8,WRK
5011499,31288,,,5/18/2021,1,BREAK
5011499,31288,5/18/2021 11:57,5/18/2021 14:09,5/18/2021,2.2,WRK
5011633,53410,5/18/2021 6:00,5/18/2021 8:44,5/18/2021,2.7,WRK
5011633,53410,,,5/18/2021,0.6,BREAK
5011633,53410,5/18/2021 9:20,5/18/2021 14:00,5/18/2021,4.7,WRK
5012163,31288,,,5/18/2021,8,ABSENT
5012165,31288,,,5/18/2021,3,CHARGE
5012165,31288,5/18/2021 6:19,5/18/2021 11:53,5/18/2021,5.6,WRK
5012165,31288,,,5/18/2021,0.5,BREAK
5012165,31288,5/18/2021 12:23,5/18/2021 14:19,5/18/2021,1.9,WRK
5012319,31288,5/18/2021 6:11,5/18/2021 10:53,5/18/2021,4.7,WRK
5012319,31288,,,5/18/2021,0.8,BREAK
5012319,31288,5/18/2021 11:39,5/18/2021 14:11,5/18/2021,2.5,WRK
5012329,18048,5/18/2021 6:16,5/18/2021 11:55,5/18/2021,5.7,WRK
5012329,18048,,,5/18/2021,0.9,BREAK
5012329,18048,5/18/2021 12:50,5/18/2021 14:16,5/18/2021,1.4,WRK
507800,51100,,,5/18/2021,6,ON_CALL
507800,51100,5/18/2021 14:10,5/18/2021 16:10,5/18/2021,2,WRK
1377208,53410,5/19/2021 14:18,5/19/2021 19:00,5/19/2021,4.7,WRK
1377208,53410,,,5/19/2021,0.9,BREAK
1377208,53410,5/19/2021 19:52,5/19/2021 22:18,5/19/2021,2.4,WRK
1672200,11151,,,5/19/2021,8,ON_CALL
3974506,31288,,,5/19/2021,8,ABSENT
4019778,54013,,,5/19/2021,3,CHARGE
4019778,54013,5/19/2021 6:20,5/19/2021 10:07,5/19/2021,3.8,WRK
4019778,54013,,,5/19/2021,1,BREAK
4019778,54013,5/19/2021 11:06,5/19/2021 14:20,5/19/2021,3.2,WRK
4024378,55050,,,5/19/2021,8,ABSENT
5001252,53410,,,5/19/2021,8,ABSENT
5009770,51100,5/19/2021 6:15,5/19/2021 11:02,5/19/2021,4.8,WRK
5009770,51100,,,5/19/2021,0.7,BREAK
5009770,51100,5/19/2021 11:45,5/19/2021 14:15,5/19/2021,2.5,WRK
5010831,55050,5/19/2021 6:07,5/19/2021 11:52,5/19/2021,5.8,WRK
5010831,55050,,,5/19/2021,0.8,BREAK
5010831,55050,5/19/2021 12:43,5/19/2021 14:07,5/19/2021,1.4,WRK
5010836,55050,5/19/2021 14:02,5/19/2021 16:37,5/19/2021,2.6,WRK
5010836,55050,,,5/19/2021,0.6,BREAK
5010836,55050,5/19/2021 17:15,5/19/2021 22:02,5/19/2021,4.8,WRK
5011015,55050,,,5/19/2021,1,CHARGE
5011015,55050,5/19/2021 14:02,5/19/2021 17:52,5/19/2021,3.8,WRK
5011015,55050,,,5/19/2021,0.7,BREAK
5011015,55050,5/19/2021 18:34,5/19/2021 22:02,5/19/2021,3.5,WRK
5011018,51100,,,5/19/2021,8,ABSENT
5011060,55050,,,5/19/2021,8,ABSENT
5011105,11151,,,5/19/2021,3,CHARGE
5011105,11151,5/19/2021 14:18,5/19/2021 19:56,5/19/2021,5.6,WRK
5011105,11151,,,5/19/2021,0.7,BREAK
5011105,11151,5/19/2021 20:39,5/19/2021 22:18,5/19/2021,1.6,WRK
5011110,31288,,,5/19/2021,5,ON_CALL
5011110,31288,5/19/2021 14:11,5/19/2021 17:11,5/19/2021,3,WRK
5011147,51120,,,5/19/2021,7,ON_CALL
5011147,51120,5/19/2021 6:14,5/19/2021 7:14,5/19/2021,1,WRK
5011499,31288,,,5/19/2021,1,CHARGE
5011499,31288,5/19/2021 6:06,5/19/2021 11:52,5/19/2021,5.8,WRK
5011499,31288,,,5/19/2021,0.6,BREAK
5011499,31288,5/19/2021 12:28,5/19/2021 14:06,5/19/2021,1.6,WRK
5011633,53410,,,5/19/2021,5,ON_CALL
5011633,53410,5/19/2021 14:17,5/19/2021 17:17,5/19/2021,3,WRK
5012159,51120,5/19/2021 6:00,5/19/2021 8:45,5/19/2021,2.8,WRK
5012159,51120,,,5/19/2021,0.5,BREAK
5012159,51120,5/19/2021 9:17,5/19/2021 14:00,5/19/2021,4.7,WRK
5012163,31288,,,5/19/2021,1,CHARGE
5012163,31288,5/19/2021 6:03,5/19/2021 11:39,5/19/2021,5.6,WRK
5012163,31288,,,5/19/2021,0.9,BREAK
5012163,31288,5/19/2021 12:34,5/19/2021 14:03,5/19/2021,1.5,WRK
5012165,31288,,,5/19/2021,8,ON_CALL
5012319,31288,5/19/2021 6:14,5/19/2021 11:45,5/19/2021,5.5,WRK
5012319,31288,,,5/19/2021,0.6,BREAK
5012319,31288,5/19/2021 12:21,5/19/2021 14:14,5/19/2021,1.9,WRK
5012329,18048,,,5/19/2021,8,ABSENT
5014147,11151,,,5/19/2021,5,ON_CALL
5014147,11151,5/19/2021 6:04,5/19/2021 9:04,5/19/2021,3,WRK
507800,51100,,,5/19/2021,7,ON_CALL
507800,51100,5/19/2021 14:20,5/19/2021 15:20,5/19/2021,1,WRK
1377208,53410,5/20/2021 14:00,5/20/2021 17:43,5/20/2021,3.7,WRK
1377208,53410,,,5/20/2021,0.8,BREAK
1377208,53410,5/20/2021 18:34,5/20/2021 22:00,5/20/2021,3.4,WRK
1672200,11151,,,5/20/2021,8,ABSENT
1977006,54013,,,5/20/2021,6,ON_CALL
1977006,54013,5/20/2021 6:09,5/20/2021 8:09,5/20/2021,2,WRK
3974506,31288,,,5/20/2021,5,ON_CALL
3974506,31288,5/20/2021 6:08,5/20/2021 9:08,5/20/2021,3,WRK
4019778,54013,,,5/20/2021,5,ON_CALL
4019778,54013,5/20/2021 6:20,5/20/2021 9:20,5/20/2021,3,WRK
4024378,55050,,,5/20/2021,5,ON_CALL
4024378,55050,5/20/2021 6:02,5/20/2021 9:02,5/20/2021,3,WRK
5001188,54013,,,5/20/2021,5,ON_CALL
5001188,54013,5/20/2021 14:10,5/20/2021 17:10,5/20/2021,3,WRK
5001252,53410,,,5/20/2021,8,ABSENT
5005963,51120,5/20/2021 14:02,5/20/2021 19:48,5/20/2021,5.8,WRK
5005963,51120,,,5/20/2021,0.8,BREAK
5005963,51120,5/20/2021 20:36,5/20/2021 22:02,5/20/2021,1.4,WRK
5010823,53410,,,5/20/2021,6,ON_CALL
5010823,53410,5/20/2021 6:13,5/20/2021 8:13,5/20/2021,2,WRK
5010831,55050,5/20/2021 14:00,5/20/2021 16:30,5/20/2021,2.5,WRK
5010831,55050,,,5/20/2021,0.9,BREAK
5010831,55050,5/20/2021 17:24,5/20/2021 22:00,5/20/2021,4.6,WRK
5010836,55050,5/20/2021 14:19,5/20/2021 20:00,5/20/2021,5.7,WRK
5010836,55050,,,5/20/2021,0.6,BREAK
5010836,55050,5/20/2021 20:37,5/20/2021 22:19,5/20/2021,1.7,WRK
5011015,55050,,,5/20/2021,8,ABSENT
5011060,55050,,,5/20/2021,2,CHARGE
5011060,55050,5/20/2021 6:10,5/20/2021 8:56,5/20/2021,2.8,WRK
5011060,55050,,,5/20/2021,0.7,BREAK
5011060,55050,5/20/2021 9:35,5/20/2021 14:10,5/20/2021,4.6,WRK
5011105,11151,,,5/20/2021,8,ABSENT
5011110,31288,,,5/20/2021,6,ON_CALL
5011110,31288,5/20/2021 14:04,5/20/2021 16:04,5/20/2021,2,WRK
5011147,51120,,,5/20/2021,8,ABSENT
5011499,31288,,,5/20/2021,2,CHARGE
5011499,31288,5/20/2021 14:15,5/20/2021 17:54,5/20/2021,3.7,WRK
5011499,31288,,,5/20/2021,0.8,BREAK
5011499,31288,5/20/2021 18:40,5/20/2021 22:15,5/20/2021,3.6,WRK
5011633,53410,,,5/20/2021,5,ON_CALL
5011633,53410,5/20/2021 6:11,5/20/2021 9:11,5/20/2021,3,WRK
5012159,51120,,,5/20/2021,6,ON_CALL
5012159,51120,5/20/2021 14:12,5/20/2021 16:12,5/20/2021,2,WRK
5012165,31288,,,5/20/2021,2,CHARGE
5012165,31288,5/20/2021 6:00,5/20/2021 9:40,5/20/2021,3.7,WRK
5012165,31288,,,5/20/2021,0.6,BREAK
5012165,31288,5/20/2021 10:18,5/20/2021 14:00,5/20/2021,3.7,WRK
5012319,31288,,,5/20/2021,8,ON_CALL
5012329,18048,,,5/20/2021,8,ABSENT
5014147,11151,,,5/20/2021,8,ON_CALL
1377208,53410,5/21/2021 14:14,5/21/2021 16:54,5/21/2021,2.7,WRK
1377208,53410,,,5/21/2021,0.8,BREAK
1377208,53410,5/21/2021 17:39,5/21/2021 22:14,5/21/2021,4.6,WRK
1672200,11151,,,5/21/2021,8,ABSENT
1977006,54013,,,5/21/2021,5,ON_CALL
1977006,54013,5/21/2021 14:19,5/21/2021 17:19,5/21/2021,3,WRK
4019778,54013,,,5/21/2021,5,ON_CALL
4019778,54013,5/21/2021 14:02,5/21/2021 17:02,5/21/2021,3,WRK
4024378,55050,,,5/21/2021,5,ON_CALL
4024378,55050,5/21/2021 14:17,5/21/2021 17:17,5/21/2021,3,WRK
5001188,54013,5/21/2021 6:12,5/21/2021 9:55,5/21/2021,3.7,WRK
5001188,54013,,,5/21/2021,0.7,BREAK
5001188,54013,5/21/2021 10:36,5/21/2021 14:12,5/21/2021,3.6,WRK
5001252,53410,,,5/21/2021,5,ON_CALL
5001252,53410,5/21/2021 6:01,5/21/2021 9:01,5/21/2021,3,WRK
5005963,51120,5/21/2021 14:01,5/21/2021 16:42,5/21/2021,2.7,WRK
5005963,51120,,,5/21/2021,0.5,BREAK
5005963,51120,5/21/2021 17:14,5/21/2021 22:01,5/21/2021,4.8,WRK
5009770,51100,5/21/2021 6:07,5/21/2021 11:48,5/21/2021,5.7,WRK
5009770,51100,,,5/21/2021,0.8,BREAK
5009770,51100,5/21/2021 12:37,5/21/2021 14:07,5/21/2021,1.5,WRK
5010823,53410,,,5/21/2021,6,ON_CALL
5010823,53410,5/21/2021 14:00,5/21/2021 16:00,5/21/2021,2,WRK
5010836,55050,,,5/21/2021,2,CHARGE
5010836,55050,5/21/2021 14:11,5/21/2021 18:54,5/21/2021,4.7,WRK
5010836,55050,,,5/21/2021,0.9,BREAK
5010836,55050,5/21/2021 19:51,5/21/2021 22:11,5/21/2021,2.3,WRK
5011018,51100,5/21/2021 14:12,5/21/2021 19:50,5/21/2021,5.6,WRK
5011018,51100,,,5/21/2021,0.5,BREAK
5011018,51100,5/21/2021 20:22,5/21/2021 22:12,5/21/2021,1.8,WRK
5011060,55050,,,5/21/2021,7,ON_CALL
5011060,55050,5/21/2021 14:13,5/21/2021 15:13,5/21/2021,1,WRK
5011105,11151,,,5/21/2021,8,ABSENT
5011110,31288,,,5/21/2021,1,CHARGE
5011110,31288,5/21/2021 6:06,5/21/2021 10:42,5/21/2021,4.6,WRK
5011110,31288,,,5/21/2021,0.8,BREAK
5011110,31288,5/21/2021 11:32,5/21/2021 14:06,5/21/2021,2.6,WRK
5011147,51120,,,5/21/2021,7,ON_CALL
5011147,51120,5/21/2021 14:00,5/21/2021 15:00,5/21/2021,1,WRK
5011401,55050,,,5/21/2021,7,ON_CALL
5011401,55050,5/21/2021 6:02,5/21/2021 7:02,5/21/2021,1,WRK
5011499,31288,5/21/2021 14:13,5/21/2021 19:50,5/21/2021,5.6,WRK
5011499,31288,,,5/21/2021,0.5,BREAK
5011499,31288,5/21/2021 20:21,5/21/2021 22:13,5/21/2021,1.9,WRK
5012159,51120,,,5/21/2021,6,ON_CALL
5012159,51120,5/21/2021 14:03,5/21/2021 16:03,5/21/2021,2,WRK
5012163,31288,,,5/21/2021,8,ON_CALL
5012165,31288,,,5/21/2021,8,ABSENT
5012329,18048,,,5/21/2021,7,ON_CALL
5012329,18048,5/21/2021 6:18,5/21/2021 7:18,5/21/2021,1,WRK
5014147,11151,,,5/21/2021,8,ABSENT
507800,51100,5/21/2021 6:06,5/21/2021 11:50,5/21/2021,5.7,WRK
507800,51100,,,5/21/2021,0.6,BREAK
507800,51100,5/21/2021 12:25,5/21/2021 14:06,5/21/2021,1.7,WRK
1377208,53410,5/22/2021 6:13,5/22/2021 9:51,5/22/2021,3.6,WRK
1377208,53410,,,5/22/2021,0.7,BREAK
1377208,53410,5/22/2021 10:33,5/22/2021 14:13,5/22/2021,3.7,WRK
1672200,11151,5/22/2021 6:04,5/22/2021 9:51,5/22/2021,3.8,WRK
1672200,11151,,,5/22/2021,1,BREAK
1672200,11151,5/22/2021 10:50,5/22/2021 14:04,5/22/2021,3.2,WRK
3974506,31288,,,5/22/2021,6,ON_CALL
3974506,31288,5/22/2021 14:12,5/22/2021 16:12,5/22/2021,2,WRK
4019778,54013,,,5/22/2021,8,ABSENT
4024378,55050,,,5/22/2021,2,CHARGE
4024378,55050,5/22/2021 14:09,5/22/2021 18:48,5/22/2021,4.7,WRK
4024378,55050,,,5/22/2021,0.8,BREAK
4024378,55050,5/22/2021 19:39,5/22/2021 22:09,5/22/2021,2.5,WRK
5001188,54013,,,5/22/2021,8,ON_CALL
5001252,53410,,,5/22/2021,8,ABSENT
5005963,51120,,,5/22/2021,8,ABSENT
5009770,51100,,,5/22/2021,8,ABSENT
5010823,53410,,,5/22/2021,8,ABSENT
5010836,55050,,,5/22/2021,8,ABSENT
5011015,55050,,,5/22/2021,1,CHARGE
5011015,55050,5/22/2021 14:07,5/22/2021 19:38,5/22/2021,5.5,WRK
5011015,55050,,,5/22/2021,0.6,BREAK
5011015,55050,5/22/2021 20:16,5/22/2021 22:07,5/22/2021,1.9,WRK
5011018,51100,,,5/22/2021,8,ABSENT
5011060,55050,,,5/22/2021,8,ABSENT
5011110,31288,,,5/22/2021,8,ABSENT
5011147,51120,,,5/22/2021,8,ABSENT
5011401,55050,,,5/22/2021,8,ABSENT
5011499,31288,5/22/2021 14:05,5/22/2021 17:46,5/22/2021,3.7,WRK
5011499,31288,,,5/22/2021,0.6,BREAK
5011499,31288,5/22/2021 18:20,5/22/2021 22:05,5/22/2021,3.8,WRK
5012159,51120,,,5/22/2021,8,ABSENT
5012163,31288,,,5/22/2021,8,ABSENT
5012165,31288,5/22/2021 6:10,5/22/2021 8:47,5/22/2021,2.6,WRK
5012165,31288,,,5/22/2021,0.5,BREAK
5012165,31288,5/22/2021 9:18,5/22/2021 14:10,5/22/2021,4.9,WRK
5012329,18048,,,5/22/2021,8,ABSENT
5014147,11151,5/22/2021 14:15,5/22/2021 16:50,5/22/2021,2.6,WRK
5014147,11151,,,5/22/2021,0.7,BREAK
5014147,11151,5/22/2021 17:32,5/22/2021 22:15,5/22/2021,4.7,WRK
507800,51100,,,5/22/2021,8,ABSENT
